,DL Chahar,SM Curran,L Ngidi,PP Chawla,RA Jadeja,Sandeep Sharma,JO Holder,S Nadeem,T Natarajan,Rashid Khan,CH Morris,DW Steyn,Washington Sundar,Mohammed Siraj,YS Chahal,SS Cottrell,Mohammed Shami,Ravi Bishnoi,K Gowtham,JDS Neesham,S Sandeep Warrier,Shivam Mavi,PJ Cummins,SP Narine,AD Russell,Kuldeep Yadav,AS Rajpoot,S Gopal,JC Archer,Kartik Tyagi,TK Curran,R Tewatia,GJ Maxwell,Arshdeep Singh,CJ Jordan,M Ashwin,DJ Hooda,JR Hazlewood,Imran Tahir,SN Thakur,CJ Green,M Prasidh Krishna,CV Varun,K Rabada,A Nortje,AR Patel,R Ashwin,HV Patel,MP Stoinis,P Dubey,S Kaul,Abdul Samad,KS Williamson,I Udana,NA Saini,A Zampa,DR Sams
RG Sharma,0.21246458923512748,0.1724137931034483,0.061919504643962855,0.0,0.0,0.10982976386600768,0.07049700387733521,0.0,0.0,0.0,0.0,0.0,0.0,0.0,0.0,0.10228435049437437,0.23916292974588937,0.4468560485157996,0.3469812630117974,0.35144973013681435,0.18487394957983194,0.17426662794074935,0.6068348770360907,0.2824858757062147,0.4985754985754986,0.6796116504854369,0.44221698113207547,0.1650846058605035,0.04688232536333802,0.2697400686611084,0.0,0.0,0.1218026796589525,0.0,0.0,0.0,0.0,0.0,0.0,0.0,0.05,0.2247191011235955,0.46040515653775327,0.5524861878453038,0.27932960893854747,0.19543973941368079,0.3170458784035808,0.0,0.13144922773578704,0.17,0.0,0.0,0.0,0.22695035460992907,0.0,0.0,0.0
Q de Kock,1.0269121813031161,0.034482758620689655,0.9287925696594428,0.07317965605561655,0.0657030223390276,0.4736408566721581,0.14099400775467041,0.0,0.14539110206455363,0.09760858955588092,0.041684035014589414,0.4640371229698376,0.28836911246395386,0.0,0.06666666666666667,0.0,0.22421524663677128,0.09575486753909991,0.0,0.0,0.01680672268907563,0.21783328492593668,0.31938677738741617,0.0,0.46296296296296297,0.0,0.2653301886792453,0.08254230293025175,0.3984997655883732,0.012260912211868563,0.0,0.0,0.1218026796589525,0.4036697247706422,0.017439832577607253,0.4145408163265306,0.17391304347826086,0.0,0.2844950213371266,0.7895640233436321,0.13,0.449438202247191,0.32228360957642727,1.43646408839779,0.47271164589600345,0.7166123778501629,0.38542832276513744,0.44323218547562226,0.03286230693394676,0.08,0.6687785990848293,0.2604166666666667,0.12,0.19858156028368795,0.0,0.0,0.15
SA Yadav,0.017705382436260624,0.20689655172413793,0.0,0.07317965605561655,0.2628120893561104,0.37067545304777594,0.21149101163200562,0.16133369185264856,0.14539110206455363,0.4880429477794046,0.41684035014589416,0.7347254447022429,0.16020506247997437,0.7196833393306945,1.1111111111111112,0.3068530514831231,0.0,0.03191828917969997,0.0,0.0,0.2689075630252101,0.20331106593087425,0.031938677738741615,0.6053268765133172,0.03561253561253561,0.3883495145631068,0.41273584905660377,0.5984316962443252,0.6563525550867324,0.7356547327121138,0.5797901711761458,0.38828097423226265,0.0,0.0,0.0,0.0,0.0,0.0,0.0,0.0,0.0,0.0,0.11510128913443832,0.5248618784530387,0.365277180919639,0.8469055374592834,1.5292801193584484,0.2727582679849983,0.42720999014130795,0.05,0.36958817317845827,0.0,0.0,0.0,0.0,0.0,0.06
SS Tiwary,0.141643059490085,0.1724137931034483,0.6811145510835914,0.18294914013904134,0.2792378449408673,0.0,0.0,0.026888948642108095,0.0,0.0,0.0,0.0,0.06408202499198974,0.035984166966534725,0.044444444444444446,0.0,0.0,0.0,0.0,0.0,0.05042016806722689,0.0,0.44714148834238265,0.0,0.0,0.12944983818770228,0.029481132075471695,0.28889806025588116,0.3516174402250352,0.07356547327121138,0.0,0.2823861630780092,0.0,0.0,0.0,0.0,0.0,0.0,0.0,0.0,0.0,0.0,0.0,0.0,0.0,0.0,0.0,0.0,0.0,0.0,0.0,0.0,0.0,0.0,0.0,0.0,0.0
HH Pandya,0.0,0.0,0.0,0.036589828027808274,0.21353482260183967,0.5354200988467874,0.0,0.0,0.37801686536783946,0.09760858955588092,0.3334722801167153,0.038669760247486466,0.06408202499198974,0.0,0.17777777777777778,0.0,0.1046337817638266,0.19150973507819982,0.16192458940550544,0.21338019329735158,0.0,0.05808887598024978,0.9262216544235069,0.0,0.017806267806267807,0.0,1.0318396226415094,0.08254230293025175,0.5157055789967183,0.7356547327121138,0.3036996134732192,0.03529827038475115,0.0,0.0,0.034879665155214505,0.03188775510204082,0.0,0.0,0.0,0.0,0.06,0.0,0.04604051565377532,0.8287292817679557,0.27932960893854747,0.0,0.0,0.0,0.03286230693394676,0.0,0.0,0.0,0.0,0.0,0.02190580503833516,0.2553916004540295,0.1
KA Pollard,0.0,0.1724137931034483,0.061919504643962855,0.32930845225027444,0.0657030223390276,0.5766062602965404,0.12336975678533661,0.05377789728421619,1.1049723756906078,0.19521717911176184,0.16673614005835766,0.0,0.0,0.0,0.8888888888888888,0.0,0.47832585949177875,0.28726460261729975,0.46264168401572986,0.025103552152629598,0.0,0.3194888178913738,0.0,0.0,0.07122507122507123,0.0,0.0,0.12381345439537762,0.0,0.0,0.0,0.0,0.0,0.47706422018348627,1.0115102895012207,0.0,0.0,0.0,0.0,0.0,0.0,0.0,0.0,0.027624309392265192,0.6875805758487323,0.0,0.0,0.0,0.0985869208018403,0.0,0.03519887363604365,0.0,0.0,0.19858156028368795,0.08762322015334063,1.70261066969353,0.0
KH Pandya,0.0,0.0,0.0,0.036589828027808274,0.0657030223390276,0.0,0.0,0.0,0.0,0.0,0.0,0.0,0.0,0.0,0.2222222222222222,0.0,0.0,0.047877433769549956,0.0,0.0,0.0,0.0,0.0,0.0,0.03561253561253561,0.0,0.0,0.041271151465125874,0.07032348804500704,0.024521824423737126,0.0,0.3529827038475115,0.194884287454324,0.03669724770642202,0.24415765608650156,0.44642857142857145,0.021739130434782608,0.0,0.0,0.0,0.0,0.0,0.0,0.16574585635359115,0.42973785990545765,0.0,0.03729951510630362,0.0,0.14788038120276042,0.0,0.703977472720873,0.0,0.0,0.0,0.0,0.0,0.03
JL Pattinson,0.0,0.1724137931034483,0.18575851393188855,0.0,0.0,0.0,0.10574550581600281,0.0,0.02907822041291073,0.0,0.0,0.0,0.0,0.0,0.0,0.0,0.0,0.0,0.0,0.0,0.0,0.0,0.0,0.0,0.0,0.0,0.0,0.0,0.0,0.0,0.0,0.0,0.0,0.0,0.0,0.0,0.0,0.0,0.0,0.0,0.0,0.0,0.0,0.0,0.0,0.0,0.0,0.0,0.0,0.0,0.0,0.0,0.0,0.0,0.0,0.0,0.0
RD Chahar,0.03541076487252125,0.0,0.061919504643962855,0.0,0.0,0.0,0.0,0.0,0.0,0.0,0.0,0.0,0.0,0.0,0.0,0.0,0.0,0.0,0.0,0.0,0.0,0.0,0.0,0.0,0.0,0.0,0.0,0.0,0.0,0.0,0.0,0.0,0.0,0.0,0.0,0.0,0.0,0.0,0.0,0.0,0.0,0.0,0.0,0.0,0.0,0.0,0.0,0.0,0.0,0.0,0.0,0.0,0.0,0.0,0.0,0.0,0.0
TA Boult,0.0,0.0,0.0,0.0,0.0,0.0,0.0,0.0,0.0,0.0,0.0,0.0,0.0,0.0,0.0,0.0,0.0,0.0,0.0,0.0,0.0,0.0,0.0,0.0,0.0,0.0,0.0,0.0,0.0,0.0,0.0,0.0,0.0,0.0,0.0,0.0,0.0,0.0,0.0,0.0,0.0,0.0,0.0,0.0,0.0,0.0,0.0,0.0,0.0,0.0,0.0,0.0,0.0,0.0,0.0,0.0,0.0
JJ Bumrah,0.17705382436260625,0.0,0.0,0.0,0.0,0.0,0.0,0.0,0.0,0.0,0.0,0.0,0.0,0.0,0.0,0.0,0.0,0.0,0.0,0.0,0.0,0.0,0.0,0.0,0.0,0.0,0.0,0.0,0.0,0.0,0.0,0.0,0.0,0.0,0.0,0.0,0.0,0.0,0.0,0.0,0.0,0.0,0.0,0.0,0.0,0.0,0.0,0.0,0.0,0.0,0.0,0.0,0.0,0.0,0.0,0.0,0.0
Ishan Kishan,0.6728045325779037,0.0,0.0,0.0,0.42706964520367935,0.09610104338275673,0.0,0.10755579456843238,0.14539110206455363,1.6105417276720353,0.16673614005835766,0.30935808197989173,0.41653316244793337,0.17992083483267363,0.4888888888888889,0.23866348448687352,0.08968609865470852,0.38301947015639964,0.03469812630117974,0.050207104305259195,0.0,0.0,0.0,0.0,0.0,0.0,0.6485849056603773,0.06190672719768881,0.09376465072667604,0.024521824423737126,0.0,0.2823861630780092,0.146163215590743,0.0,0.0,0.0,0.0,0.265625,0.7586533902323376,0.10298661174047374,0.0,0.0,0.0,1.4088397790055247,1.5470562956596476,0.22801302931596093,0.7459903021260724,0.20456870098874874,0.9858692080184029,0.28,0.03519887363604365,0.020833333333333332,0.12,0.28368794326241137,0.8324205914567361,0.7945516458569807,0.1
NM Coulter-Nile,0.0,0.0,0.0,0.0,0.0,0.04118616144975288,0.0,0.0,0.0,0.0,0.0,0.0,0.0,0.0,0.0,0.0,0.35874439461883406,0.0,0.0,0.0,0.0,0.0,0.0,0.0,0.0,0.0,0.0,0.0,0.0,0.0,0.0,0.0,0.0,0.3302752293577982,0.10463899546564352,0.0,0.0,0.0,0.0,0.0,0.0,0.0,0.0,0.0,0.0,0.0,0.0,0.0,0.0,0.0,0.0,0.0,0.0,0.0,0.0,0.0,0.0
DS Kulkarni,0.0,0.0,0.0,0.0,0.0,0.0,0.10574550581600281,0.0,0.0,0.0,0.0,0.0,0.0,0.0,0.0,0.0,0.0,0.0,0.0,0.0,0.0,0.0,0.0,0.0,0.0,0.0,0.0,0.0,0.0,0.0,0.0,0.0,0.0,0.0,0.0,0.0,0.0,0.0,0.0,0.0,0.0,0.0,0.0,0.0,0.0,0.0,0.0,0.0,0.0,0.0,0.0,0.0,0.0,0.0,0.0,0.0,0.0
,TA Boult,JL Pattinson,JJ Bumrah,KH Pandya,RD Chahar,JD Unadkat,JC Archer,S Gopal,TK Curran,R Tewatia,PJ Cummins,Shivam Mavi,CV Varun,KL Nagarkoti,SP Narine,AD Russell,JDS Neesham,Mohammed Shami,CJ Jordan,Ravi Bishnoi,M Ashwin,CH Gayle,TU Deshpande,K Rabada,AR Patel,A Nortje,R Ashwin,MP Stoinis,SS Cottrell,Harpreet Brar,B Kumar,KK Ahmed,T Natarajan,Abhishek Sharma,Rashid Khan,Abdul Samad,NM Coulter-Nile,KA Pollard,CH Morris,NA Saini,I Udana,Washington Sundar,YS Chahal,S Dube,Sandeep Sharma,S Nadeem,AS Rajpoot,Kartik Tyagi,BA Stokes,LH Ferguson,N Rana,Avesh Khan,A Mishra,Mohammed Siraj,MM Ali
M Vijay,0.03995205753096284,0.0,0.0,0.0,0.0,0.40160642570281124,0.09376465072667604,0.10317787866281469,0.0,0.0705965407695023,0.0,0.0,0.0,0.0,0.0,0.0,0.0,0.0,0.0,0.0,0.0,0.0,0.0,0.11049723756906077,0.22801302931596093,0.0,0.0,0.0,0.0,0.0,0.0,0.0,0.0,0.0,0.0,0.0,0.0,0.0,0.0,0.0,0.0,0.0,0.0,0.0,0.0,0.0,0.0,0.0,0.0,0.0,0.0,0.016722408026755852,0.0,0.0,0.0
SR Watson,0.07990411506192568,0.0,0.0,0.0,0.0,0.10040160642570281,0.3281762775433662,0.24762690879075525,0.4417448923246825,0.017649135192375574,0.415202810603641,0.551844321812373,0.20718232044198895,0.4112554112554112,0.08071025020177562,0.0,0.0,0.14947683109118085,0.4185559818625741,0.7022023619533994,0.0,0.0,0.3844510892780863,0.2762430939226519,0.1791530944625407,0.04297378599054577,0.44759418127564343,0.0,0.7500852369587454,0.22,0.0,0.08964589870013448,0.1308519918580983,0.0,0.8784773060029283,0.0,0.0,0.0,0.16673614005835766,0.0,0.14184397163120568,0.08010253123998719,0.0,0.0,0.08237232289950576,0.32266738370529713,0.0,0.0980872976949485,0.0,0.0,0.0,0.1839464882943144,0.0,0.0,0.0
F du Plessis,0.2596883739512585,0.2406325197662427,0.67425200168563,0.2745576571079927,0.5257228689447991,0.7362784471218207,0.2656665103922488,0.24762690879075525,0.3313086692435119,0.6353688669255206,0.22357074417119133,0.14522218995062447,0.0,0.0,0.0,0.0,0.16317308899209237,0.9267563527653213,0.7150331356818974,0.6702840727736994,0.15943877551020408,0.0,0.6834686031610423,0.29465930018416203,0.48859934853420195,1.0313708637730985,0.29839612085042894,0.0,0.20456870098874874,0.18,0.08361204013377926,0.5378753922008068,0.23262576330328583,0.0,0.0,0.0,0.0,0.0,0.22926219258024177,0.02190580503833516,0.05673758865248227,0.11214354373598205,0.08888888888888889,0.0,0.0,0.0,0.20636792452830188,0.0,0.0,0.0,0.0,0.11705685618729098,0.6206040546131567,0.35984166966534725,0.0
AT Rayudu,0.1997602876548142,0.30938466827088346,0.4635482511588706,0.4575960951799878,0.41306796845662785,0.0,0.0,0.08254230293025175,0.0,0.03529827038475115,0.2555094219099329,0.08713331397037467,0.5524861878453039,0.16233766233766234,0.2824858757062147,0.0,0.012551776076314799,0.14947683109118085,0.20927799093128704,0.28726460261729975,0.1913265306122449,0.07407407407407407,0.08543357539513029,0.49723756906077343,0.13029315960912052,0.5156854318865493,0.3729951510630362,0.2628984554715741,0.0,0.0,0.08361204013377926,0.02241147467503362,0.18900843268391973,0.0,0.5856515373352855,0.0,0.0,0.0,0.20842017507294708,0.5038335158817087,0.15602836879432624,0.3844921499519385,0.17777777777777778,0.24691358024691357,0.16474464579901152,0.45711212691583764,0.0,0.024521824423737126,0.23282887077997672,0.05188067444876784,0.6407097092163627,0.0,0.0,0.3238575026988125,0.2597402597402597
RA Jadeja,0.03995205753096284,0.3437607425232039,0.1685630004214075,0.01525320317266626,0.0,0.0,0.5625879043600563,0.1650846058605035,0.027609055770292656,0.2117896223085069,0.06387735547748323,0.0,0.0,0.2597402597402597,0.20177562550443906,0.5698005698005698,0.0,0.0,0.0,0.0,0.0,0.0,0.42716787697565145,0.46961325966850825,0.0,0.7735281478298238,0.0,0.0,0.0,0.0,0.6270903010033444,0.6275212909009413,0.39255597557429484,0.0,0.14641288433382138,0.10416666666666667,0.0,0.0,0.12505210504376824,0.0,0.028368794326241134,0.0,0.0,0.0,0.2471169686985173,0.0,0.0,0.196174595389897,0.14551804423748546,0.44098573281452663,0.0,0.0,0.0,0.0,0.0
SM Curran,0.2596883739512585,0.0,0.21070375052675938,0.4881025015253203,0.488171235448742,0.0,0.09376465072667604,0.1650846058605035,0.0,0.26473702788563364,0.06387735547748323,0.0,0.09208103130755065,0.06493506493506493,0.8071025020177562,0.0,0.0,0.0,0.0,0.0,0.0,0.0,0.0,0.055248618784530384,0.0,0.0,0.0,0.0,0.0,0.0,0.04180602006688963,1.2102196324518153,0.2035475428903751,0.0,0.0,0.07291666666666667,0.7092198581560284,0.061218243036424855,0.0,0.0,0.0,0.0,0.0,0.0,0.08237232289950576,0.0,0.029481132075471695,0.14713094654242276,0.20372526193247964,0.07782101167315175,0.0,0.0,0.0,0.0,0.0
MS Dhoni,0.03995205753096284,0.0,0.37926675094816686,0.0,0.11265490048817124,0.06693440428380187,0.1875293014533521,0.20635575732562939,0.6350082827167312,0.2823861630780092,0.031938677738741615,0.0,0.13812154696132597,0.021645021645021644,0.04035512510088781,0.0,0.0,0.0,0.0,0.0,0.0,0.0,0.0,0.055248618784530384,0.0,0.10743446497636441,0.0,0.06572461386789352,0.0,0.0,0.0,0.8068130883012102,0.2471648735097412,0.05357621216180016,0.43923865300146414,0.19791666666666666,0.0,0.0,0.3751563151313047,0.15334063526834613,0.0,0.0,0.28888888888888886,0.0,0.12355848434925865,0.0,0.0,0.1348700343305542,0.11641443538998836,0.0,0.0,0.1505016722408027,0.0,0.0,0.0
RD Gaikwad,0.0,0.0,0.0,0.0,0.0,0.0,0.0,0.0,0.0,0.0,0.12775471095496646,0.0,0.7366482504604052,0.10822510822510822,0.48426150121065376,0.0,0.13806953683946277,0.35874439461883406,0.4883153121730031,0.5426109160548995,0.1913265306122449,0.04938271604938271,0.0,0.0,0.06514657980456026,0.0,0.0,0.0,0.0,0.0,0.0,0.0,0.0,0.0,0.0,0.0,0.0,0.0,0.6252605252188412,0.04381161007667032,0.0,0.5126561999359179,0.5777777777777777,0.0,0.0,0.0,0.0,0.0,0.0,0.7522697795071337,0.09857072449482504,0.0,0.12412081092263136,0.35984166966534725,0.2922077922077922
KM Jadhav,0.0,0.0,0.0,0.0,0.0,0.10040160642570281,0.04688232536333802,0.660338423442014,0.013804527885146328,0.0705965407695023,0.0,0.0,0.0,0.0,0.20177562550443906,0.07122507122507123,0.0,0.0,0.0,0.0,0.0,0.0,0.0,0.2762430939226519,0.06514657980456026,0.021486892995272885,0.0,0.0,0.0,0.0,0.0,0.0,0.02907822041291073,0.05357621216180016,0.0,0.0,0.0,0.0,0.0,0.0,0.0,0.0,0.0,0.0,0.0,0.0,0.0,0.0,0.08731082654249127,0.0,0.0,0.2173913043478261,0.20686801820438558,0.0,0.0
N Jagadeesan,0.0,0.0,0.0,0.0,0.0,0.0,0.0,0.0,0.0,0.0,0.0,0.0,0.0,0.0,0.0,0.0,0.0,0.0,0.0,0.0,0.0,0.0,0.0,0.0,0.0,0.0,0.0,0.0,0.0,0.0,0.0,0.0,0.0,0.0,0.0,0.0,0.0,0.0,0.0,0.01095290251916758,0.05673758865248227,0.09612303748798462,0.8444444444444444,0.3950617283950617,0.0,0.0,0.0,0.0,0.0,0.0,0.0,0.0,0.0,0.0,0.0
DL Chahar,0.0,0.0,0.0,0.0,0.0,0.0,0.0,0.0,0.0,0.0,0.0,0.0,0.0,0.0,0.0,0.0,0.0,0.0,0.0,0.0,0.0,0.0,0.0,0.0,0.0,0.0,0.0,0.0,0.0,0.0,0.0,0.08964589870013448,0.0,0.0,0.0,0.0,0.0,0.0,0.0,0.0,0.14184397163120568,0.0,0.0,0.0,0.0,0.0,0.0,0.0,0.0,0.0,0.0,0.0,0.0,0.0,0.0
SN Thakur,0.0,0.0,0.0,0.06101281269066504,0.11265490048817124,0.0,0.0,0.0,0.0,0.0,0.0,0.0,0.0,0.0,0.0,0.0,0.0,0.0,0.0,0.0,0.0,0.0,0.0,0.0,0.0,0.0,0.0,0.0,0.0,0.0,0.0,0.0,0.0,0.0,0.0,0.0,0.08865248226950355,0.061218243036424855,0.0,0.0,0.028368794326241134,0.0,0.0,0.0,0.0,0.0,0.0,0.0,0.0,0.0,0.0,0.0,0.0,0.0,0.0
Imran Tahir,0.03995205753096284,0.0,0.21070375052675938,0.21354484441732763,0.0,0.0,0.0,0.0,0.0,0.0,0.0,0.0,0.0,0.0,0.0,0.0,0.0,0.0,0.0,0.0,0.0,0.0,0.0,0.0,0.0,0.0,0.0,0.0,0.0,0.0,0.0,0.0,0.0,0.0,0.0,0.0,0.0,0.0,0.0,0.0,0.0,0.0,0.0,0.0,0.0,0.0,0.0,0.0,0.0,0.0,0.0,0.0,0.0,0.0,0.0
DJ Bravo,0.0,0.0,0.0,0.0,0.0,0.0,0.0,0.0,0.0,0.0,0.0,0.0,0.0,0.0,0.0,0.0,0.0,0.0,0.0,0.0,0.0,0.0,0.0,0.0,0.0,0.0,0.0,0.0,0.0,0.0,0.0,0.0,0.0,0.0,0.0,0.0,0.0,0.0,0.08336807002917883,0.0,0.0851063829787234,0.0,0.0,0.0,0.0,0.0,0.0,0.0,0.0,0.0,0.0,0.0,0.0,0.0,0.0
,SS Cottrell,Mohammed Shami,CJ Jordan,K Gowtham,Ravi Bishnoi,PJ Cummins,M Prasidh Krishna,KL Nagarkoti,LH Ferguson,SP Narine,CV Varun,VR Aaron,JC Archer,Kartik Tyagi,AJ Tye,S Gopal,R Tewatia,CH Morris,Mohammed Siraj,Washington Sundar,I Udana,YS Chahal,Shahbaz Ahmed,DL Chahar,SM Curran,SN Thakur,RA Jadeja,KV Sharma,DJ Bravo,Shivam Mavi,AD Russell,NA Saini,MM Ali,Sandeep Sharma,S Nadeem,JO Holder,Rashid Khan,T Natarajan,V Shankar,DA Warner,TA Boult,JL Pattinson,JJ Bumrah,KH Pandya,KA Pollard,RD Chahar,B Kumar,KK Ahmed,Abhishek Sharma,J Yadav,NM Coulter-Nile,JR Hazlewood,PP Chawla,JD Unadkat,BA Stokes,GJ Maxwell,Arshdeep Singh,JDS Neesham,M Ashwin
PP Shaw,0.17047391749062393,0.014947683109118086,0.0,0.0,0.0,0.5748961992973491,0.0,0.16233766233766234,0.0,0.20177562550443906,0.5985267034990792,0.2939447383891828,0.1406469760900141,0.0,0.0,0.0,0.0,0.041684035014589414,0.09595777857742593,0.3844921499519385,0.3404255319148936,0.4888888888888889,0.0,0.19475920679886688,0.3793103448275862,0.0,0.49277266754270693,0.0,0.0,0.3194888178913738,0.14245014245014245,0.15334063526834613,0.0,0.0,0.0,0.0,0.0,0.0,0.0,0.0,0.12984418697562924,0.0,0.0,0.03050640634533252,0.0,0.0,0.04180602006688963,0.0,0.0,0.0,0.0,0.078125,0.402488108305891,0.0,0.0,0.0243605359317905,0.1834862385321101,0.0,0.0
S Dhawan,0.0,0.3139013452914798,0.0,0.0,0.47877433769549954,0.047908016608112426,0.1348314606741573,0.0,0.0,0.5246166263115415,0.11510128913443832,0.1469723691945914,0.0,0.4413928396272683,0.0,0.2682624845233182,0.4235792446170138,0.6669445602334306,0.4318100035984167,0.5767382249279077,0.19858156028368795,0.6222222222222222,0.11363636363636363,0.56657223796034,1.0689655172413792,0.5492619292825266,1.0840998685939554,0.696225723708318,0.44319097502014504,0.14522218995062447,0.0,0.15334063526834613,0.0,0.17847336628226249,0.7797795106211347,0.4582305252026789,0.5124450951683749,0.43617330619366096,0.0,0.0,0.41949660407510986,0.2062564455139223,0.4003371260008428,0.3660768761439902,0.24487297214569942,0.6383777694329703,0.20903010033444813,0.31376064545047067,0.24109295472810074,0.010379904504878554,0.0,0.03125,0.1463593121112331,0.20080321285140562,0.23282887077997672,0.5602923264311815,0.5504587155963303,0.11296598468683318,0.7334183673469388
SO Hetmyer,0.03409478349812479,0.08968609865470852,0.0,0.0,0.0,0.0,0.0,0.0,0.0,0.2824858757062147,0.06906077348066299,0.0,0.0,0.2697400686611084,0.8715596330275229,0.0,0.1411930815390046,0.0,0.035984166966534725,0.0,0.28368794326241137,0.0,0.0,0.0,0.0,0.0,0.0,0.0,0.0,0.0,0.2492877492877493,0.0,0.0,0.41186161449752884,0.18822264049475668,0.8107155445893549,0.09760858955588092,0.5234079674323932,0.0,0.0,0.0,0.0,0.04214075010535188,0.0,0.0,0.3755163349605708,0.0,0.6723442402510086,0.05357621216180016,0.10379904504878555,0.0,0.0,0.0,0.0,0.0,0.0,0.25688073394495414,0.0,0.0
SS Iyer,0.0,0.014947683109118086,0.17439832577607253,0.6476983576220218,0.15959144589849986,0.830405621207282,0.06741573033707865,0.4978354978354978,0.33722438391699094,0.8878127522195318,0.7596685082872928,0.26455026455026454,0.1406469760900141,0.12260912211868563,0.1146788990825688,0.3714403631861329,0.3529827038475115,0.0,0.17992083483267363,0.03204101249599487,0.05673758865248227,0.26666666666666666,0.06818181818181818,0.6728045325779037,0.15517241379310345,0.2403020940611054,0.09855453350854139,0.03664345914254306,0.16116035455278002,0.3194888178913738,0.14245014245014245,0.0,0.016233766233766232,0.0,0.21511158913686476,0.08812125484666901,0.21961932650073207,0.2617039837161966,0.03929787791459261,0.0,0.9188973232121453,0.6875214850464078,0.5056890012642224,0.38133007931665647,0.27548209366391185,0.11265490048817124,0.0,0.3585835948005379,0.08036431824270024,0.3944363711853851,0.797872340425532,0.015625,0.036589828027808274,0.5020080321285141,0.4074505238649593,0.0,0.11009174311926606,0.10041420861051839,0.04783163265306122
RR Pant,0.0,0.08968609865470852,0.20927799093128704,0.2544529262086514,0.3191828917969997,0.22357074417119133,0.15730337078651685,0.12987012987012986,0.3631647211413749,0.16142050040355124,0.0,0.0,0.0,0.0,0.04587155963302752,0.08254230293025175,0.0705965407695023,0.0,0.21590500179920835,0.03204101249599487,0.22695035460992907,0.3111111111111111,0.09090909090909091,0.24787535410764874,0.2413793103448276,0.0,0.22996057818659657,0.0,0.0,0.3775776938716236,0.2492877492877493,0.24096385542168675,0.12987012987012986,0.02059308072487644,0.0,0.21149101163200562,0.1708150317227916,0.6106426286711253,0.18339009693476552,0.01,0.03995205753096284,0.0,0.1685630004214075,0.3660768761439902,0.21426385062748698,0.22530980097634248,0.20903010033444813,0.0,0.4821859094562015,0.37367656217562795,0.3546099290780142,0.21875,0.07317965605561655,0.0,0.0,0.0730816077953715,0.0,0.0,0.03188775510204082
AR Patel,0.0,0.11958146487294469,0.0,0.0,0.06383657835939995,0.0,0.0,0.0,0.0,0.2824858757062147,0.04604051565377532,0.0,0.09376465072667604,0.0,0.3440366972477064,0.0,0.0,0.0,0.0,0.0,0.0,0.0,0.0,0.0,0.034482758620689655,0.0,0.657030223390276,0.0,0.0,0.0,0.0,0.0,0.0,0.0,0.0,0.0,0.02440214738897023,0.05815644082582146,0.026198585276395073,0.0,0.1997602876548142,0.0,0.2528445006321112,0.12202562538133008,0.21426385062748698,0.26286143447239957,0.08361204013377926,0.0,0.0,0.0,0.3324468085106383,0.0,0.0,0.11713520749665328,0.0,0.0,0.0,0.0,0.0
MP Stoinis,0.5114217524718718,0.029895366218236172,0.6278339727938611,0.0,0.09575486753909991,0.0,0.0,0.0,0.0,0.16142050040355124,0.06906077348066299,0.0,0.07032348804500704,0.17165277096615988,0.2293577981651376,1.1555922410235246,0.2117896223085069,0.0,0.7556675062972292,0.03204101249599487,0.0851063829787234,0.08888888888888889,0.0,0.0,0.0,0.1201510470305527,0.0,0.5130084279956028,0.12087026591458501,0.0,0.0,0.4819277108433735,0.45454545454545453,0.6589785831960461,0.04033342296316214,0.6697215368346845,0.12201073694485115,0.10177377144518755,0.0,0.0,0.1997602876548142,0.0,0.08428150021070376,0.5796217205613179,0.18365472910927455,0.6008261359369133,0.16722408026755853,0.0,0.0,0.0,0.31028368794326244,0.078125,0.0,0.06693440428380187,0.0,0.0243605359317905,0.0,0.0,0.15943877551020408
R Ashwin,0.03409478349812479,0.0,0.06975933031042901,0.0,0.0,0.31938677738741617,0.0,0.0,0.05188067444876784,0.0,0.09208103130755065,0.0,0.0,0.0,0.0,0.0,0.0,0.0,0.0,0.0,0.0,0.0,0.0,0.0,0.0,0.0,0.0,0.0,0.0,0.0,0.0,0.0,0.0,0.20593080724876442,0.0,0.035248501938667604,0.0,0.0,0.0,0.0,0.0,0.0,0.0,0.06101281269066504,0.0,0.07510326699211416,0.0,0.0,0.0,0.0,0.3546099290780142,0.0,0.0,0.0,0.0,0.0,0.0,0.0,0.0
A Nortje,0.0,0.0,0.10463899546564352,0.0,0.0,0.0,0.0,0.0,0.0,0.0,0.0,0.0,0.0,0.0,0.0,0.0,0.0,0.0,0.0,0.0,0.0,0.0,0.0,0.0,0.0,0.0,0.0,0.0,0.0,0.0,0.0,0.0,0.0,0.0,0.0,0.0,0.0,0.014539110206455364,0.0,0.0,0.0,0.0,0.0,0.0,0.0,0.0,0.0,0.1344688480502017,0.0,0.0,0.0,0.0,0.0,0.0,0.0,0.0,0.0,0.0,0.0
AM Rahane,0.0,0.0,0.0,0.0,0.0,0.0,0.0,0.0,0.0,0.0,0.0,0.0,0.02344116268166901,0.0,0.0,0.0,0.0,0.08336807002917883,0.0,0.1762255687279718,0.3971631205673759,0.8,0.6818181818181818,0.03541076487252125,0.0,0.2059732234809475,0.0,0.0,0.0,0.0,0.0,0.0,0.0,0.32948929159802304,0.16133369185264856,0.42298202326401124,0.0,0.0,0.0,0.0,0.10653882008256757,0.2750085940185631,0.04214075010535188,0.0,0.0,0.0,0.0,0.0,0.0,0.0,0.0,0.0,0.0,0.03346720214190094,0.0,0.0,0.0,0.0,0.0
K Rabada,0.0,0.0,0.0,0.0,0.0,0.031938677738741615,0.0,0.0,0.0,0.0,0.32228360957642727,0.0,0.09376465072667604,0.0,0.0,0.0,0.0,0.0,0.0,0.0,0.0,0.0,0.0,0.0,0.0,0.0,0.0,0.0,0.0,0.0,0.0,0.0,0.0,0.0,0.0,0.07049700387733521,0.0,0.014539110206455364,0.0,0.0,0.3995205753096284,0.0,0.0632111251580278,0.0,0.33670033670033667,0.0,0.2508361204013378,0.4034065441506051,0.0,0.0,0.13297872340425532,0.0,0.0,0.0,0.0,0.0,0.0,0.0,0.0
TU Deshpande,0.0,0.0,0.0,0.0,0.0,0.0,0.0,0.0,0.01297016861219196,0.0,0.0,0.0,0.0,0.0,0.0,0.0,0.0,0.0,0.0,0.0,0.0,0.0,0.0,0.0,0.0,0.0,0.0,0.0,0.0,0.0,0.0,0.0,0.0,0.08237232289950576,0.0,0.4582305252026789,0.0,0.14539110206455363,0.0,0.0,0.0,0.0,0.0,0.0,0.0,0.0,0.0,0.0,0.0,0.0,0.0,0.0,0.0,0.0,0.0,0.0,0.0,0.0,0.0
HV Patel,0.0,0.0,0.0,0.0,0.0,0.0,0.0,0.0,0.0,0.0,0.0,0.0,0.1875293014533521,0.0980872976949485,0.09174311926605504,0.0,0.0705965407695023,0.0,0.0,0.0,0.0,0.0,0.0,0.0,0.0,0.0,0.0,0.0,0.0,0.0,0.0,0.0,0.0,0.0,0.0,0.0,0.0,0.0,0.0,0.0,0.0,0.0,0.08428150021070376,0.0,0.0,0.03755163349605708,0.0,0.0,0.0,0.0,0.0,0.0,0.0,0.0,0.0,0.0,0.0,0.0,0.0
AT Carey,0.0,0.0,0.0,0.0,0.0,0.0,0.0,0.0,0.0,0.0,0.0,0.0,0.5157055789967183,0.04904364884747425,0.0,0.0,0.0,0.0,0.0,0.0,0.0,0.0,0.0,0.0,0.017241379310344827,0.10298661174047374,0.0,0.0,0.0,0.0,0.0,0.0,0.0,0.0,0.0,0.0,0.0,0.0,0.0,0.0,0.07990411506192568,0.0,0.42140750105351876,0.0,0.0,0.07510326699211416,0.0,0.0,0.0,0.0,0.0,0.0,0.0,0.01673360107095047,0.0,0.0,0.0,0.0,0.0
P Dubey,0.0,0.0,0.0,0.0,0.0,0.0,0.0,0.0,0.0,0.0,0.0,0.0,0.0,0.0,0.0,0.0,0.0,0.0,0.0,0.0,0.0,0.0,0.0,0.0,0.0,0.0,0.0,0.0,0.0,0.0,0.0,0.0,0.0,0.0,0.0,0.0,0.0,0.0,0.0,0.0,0.03995205753096284,0.0,0.04214075010535188,0.03050640634533252,0.0,0.11265490048817124,0.0,0.0,0.0,0.0,0.044326241134751775,0.0,0.0,0.0,0.0,0.0,0.0,0.0,0.0
DR Sams,0.0,0.0,0.0,0.0,0.0,0.0,0.0,0.0,0.0,0.0,0.0,0.0,0.0,0.0,0.0,0.0,0.0,0.0,0.0,0.0,0.0,0.0,0.0,0.0,0.0,0.0,0.0,0.0,0.0,0.0,0.0,0.0,0.0,0.0,0.0,0.0,0.0,0.0,0.0,0.0,0.0,0.0,0.0,0.0,0.0,0.0,0.0,0.0,0.0,0.0,0.0,0.0,0.0,0.0,0.0,0.0,0.0,0.0,0.0
,A Nortje,MM Sharma,K Rabada,R Ashwin,AR Patel,MP Stoinis,Sandeep Sharma,KK Ahmed,JO Holder,Rashid Khan,T Natarajan,TA Boult,JL Pattinson,KH Pandya,JJ Bumrah,RD Chahar,DL Chahar,SM Curran,SN Thakur,L Ngidi,Imran Tahir,RA Jadeja,UT Yadav,DW Steyn,NA Saini,YS Chahal,Washington Sundar,S Dube,DJ Bravo,PP Chawla,NM Coulter-Nile,KA Pollard,PJ Cummins,M Prasidh Krishna,CV Varun,SP Narine,LH Ferguson,KL Nagarkoti,N Rana,JD Unadkat,AS Rajpoot,JC Archer,S Gopal,R Tewatia,TK Curran,CH Morris,I Udana,Mohammed Siraj,VR Aaron,Kartik Tyagi,BA Stokes,Abhishek Sharma,Abdul Samad,DR Sams,TU Deshpande
KL Rahul,0.42973785990545765,0.16759776536312848,0.22099447513812154,0.0,0.06514657980456026,0.0,0.6589785831960461,0.6275212909009413,0.10574550581600281,0.04880429477794046,0.08723466123873219,1.478226128645625,0.10312822275696115,0.39658328248932273,0.21070375052675938,0.26286143447239957,0.708215297450425,0.5517241379310345,0.4806041881222108,0.12383900928792571,0.0948316737790422,0.2628120893561104,0.5319148936170213,1.8561484918793505,0.8105147864184009,0.8444444444444444,0.4806151874399231,0.9876543209876543,0.48348106365834004,0.07317965605561655,0.4875886524822695,0.15304560759106212,0.9262216544235069,0.23595505617977527,0.4143646408839779,0.48426150121065376,0.0,0.3896103896103896,0.19714144898965008,0.23427041499330656,0.14740566037735847,1.4533520862634788,0.660338423442014,0.24708789269325804,0.4417448923246825,0.5418924551896624,0.11347517730496454,0.7556675062972292,0.4409171075837742,0.17165277096615988,0.08731082654249127,0.0,0.0,0.07,0.0
MA Agarwal,0.8165019338203696,0.8193668528864059,0.9944751381215469,0.03729951510630362,0.26058631921824105,0.37791652974038775,0.32948929159802304,0.02241147467503362,0.0,0.0,0.0,1.238513783459848,0.2750085940185631,0.1525320317266626,0.0,0.0,0.56657223796034,0.6896551724137931,0.2403020940611054,0.12383900928792571,0.0,0.1314060446780552,0.398936170212766,0.27068832173240526,0.24096385542168675,0.3259259259259259,0.0,0.0,0.040290088638195005,0.0,0.0,0.0,0.1916320664324497,0.1797752808988764,0.46040515653775327,0.3631961259079903,0.0,0.2597402597402597,0.14785608674223757,0.6358768406961178,0.5306603773584906,0.3750586029067042,1.1968633924886505,0.6000705965407696,0.20706791827719492,0.12505210504376824,0.22695035460992907,0.2878733357322778,0.0,0.0,0.0,0.0,0.0,0.03,0.0
KK Nair,0.0,0.037243947858472994,0.0,0.0,0.0,0.0,0.0,0.0,0.0,0.0,0.0,0.0,0.0,0.0,0.0,0.0,0.0,0.0,0.0,0.0,0.0,0.0,0.0,0.038669760247486466,0.1095290251916758,0.0,0.0,0.4444444444444444,0.0,0.0,0.0,0.0,0.0,0.0,0.0,0.0,0.0,0.0,0.0,0.0,0.0,0.0,0.0,0.0,0.0,0.0,0.0,0.0,0.0,0.0,0.0,0.0,0.0,0.0,0.0
N Pooran,0.0,0.0,0.09208103130755065,0.27974636329727715,0.26058631921824105,0.36148537627341437,0.16474464579901152,1.2102196324518153,0.17624250969333802,0.1708150317227916,0.6978772899098575,0.0,0.13750429700928155,0.4881025015253203,0.08428150021070376,0.976342470897484,0.0,0.3448275862068966,0.011442956860052637,0.0,0.0474158368895211,0.36136662286465177,0.16622340425531915,0.0,0.02190580503833516,0.5777777777777777,0.12816404998397948,0.0,0.48348106365834004,0.0,0.0,0.3673094582185491,0.0,0.02247191011235955,0.23020257826887663,0.0,0.05188067444876784,0.21645021645021645,0.0,0.0,0.0,0.7501172058134083,0.0,0.0,0.2484815019326339,0.0,0.0,0.0,0.3527336860670194,0.22069641981363414,0.014551804423748545,0.37503348513260115,0.2916666666666667,0.0,0.598035027765912
GJ Maxwell,0.0,0.0,0.23941068139963165,0.29839612085042894,0.16286644951140067,0.03286230693394676,0.08237232289950576,0.0,0.10574550581600281,0.29282576866764276,0.07269555103227682,0.0,0.10312822275696115,0.03050640634533252,0.04214075010535188,0.07510326699211416,0.0,0.0,0.10298661174047374,0.0,0.0,0.0,0.0,0.0,0.0,0.044444444444444446,0.0,0.09876543209876543,0.32232070910556004,0.0,0.0,0.0,0.0,0.0,0.0,0.4035512510088781,0.0,0.0,0.0,0.0,0.2653301886792453,0.09376465072667604,0.0,0.0,0.08282716731087797,0.0,0.0,0.0,0.0,0.12260912211868563,0.0,0.02678810608090008,0.0,0.05,0.042716787697565144
SN Khan,0.0,0.0,0.22099447513812154,0.0,0.03257328990228013,0.1971738416036806,0.0,0.0,0.0,0.0,0.0,0.23971234518577705,0.0,0.0,0.04214075010535188,0.0,0.0,0.0,0.37761757638173704,0.0,0.0,0.0,0.0,0.0,0.0,0.0,0.0,0.0,0.12087026591458501,0.0,0.0,0.0,0.0,0.0,0.0,0.0,0.0,0.0,0.0,0.0,0.0,0.0,0.0,0.0,0.0,0.0,0.0,0.0,0.0,0.0,0.0,0.0,0.0,0.0,0.0
K Gowtham,0.1289213579716373,0.44692737430167595,0.0,0.0,0.16286644951140067,0.0,0.0,0.0,0.0,0.0,0.0,0.5593288054334798,0.034376074252320386,0.0,0.2949852507374631,0.0,0.0,0.0,0.0,0.0,0.0,0.0,0.0,0.0,0.0,0.0,0.0,0.0,0.0,0.0,0.0,0.0,0.0,0.0,0.0,0.0,0.0,0.0,0.0,0.0,0.0,0.0,0.0,0.0,0.0,0.0,0.0,0.0,0.0,0.0,0.0,0.0,0.0,0.0,0.0
CJ Jordan,0.04297378599054577,0.0,0.22099447513812154,0.0,0.0,0.0,0.0,0.08964589870013448,0.035248501938667604,0.0,0.08723466123873219,0.11985617259288853,0.0,0.0,0.04214075010535188,0.0,0.0,0.0,0.10298661174047374,0.061919504643962855,0.0,0.0,0.0,0.0,0.0,0.0,0.0,0.0,0.0,0.0,0.26595744680851063,0.0,0.0,0.0,0.0,0.0,0.0,0.0,0.0,0.0,0.0,0.0,0.0,0.0,0.0,0.0,0.0,0.0,0.0,0.0,0.0,0.0,0.0,0.0,0.0
Mandeep Singh,0.0,0.0,0.0,0.0,0.0,0.0,0.32948929159802304,0.22411474675033619,0.0,0.04880429477794046,0.0,0.0,0.0,0.0,0.0,0.0,0.21246458923512748,0.0,0.03432887058015791,0.0,0.1896633475580844,0.10950503723171266,0.0,0.0,0.0,0.0,0.0,0.0,0.0,0.7317965605561654,0.0,0.0,0.7665282657297988,0.24719101123595505,0.5985267034990792,0.12106537530266344,0.311284046692607,0.0,0.0,0.0,0.0,0.0,0.0,0.0,0.0,0.0,0.0,0.0,0.0,0.0,0.0,0.0,0.0,0.0,0.0
CH Gayle,0.0,0.0,0.0,0.03729951510630362,0.03257328990228013,0.0,0.0,0.0,0.17624250969333802,0.3904343582235237,0.05815644082582146,0.2796644027167399,0.0,0.0,0.04214075010535188,0.1502065339842283,0.0,0.0,0.13731548232063165,0.12383900928792571,0.1422475106685633,0.0,0.0,0.0,0.04381161007667032,0.044444444444444446,1.0253123998718359,0.0,0.0,0.0,0.3546099290780142,0.21426385062748698,0.031938677738741615,0.02247191011235955,0.6906077348066298,0.6860371267150928,0.22049286640726332,0.0,0.0,0.0,0.0,0.3047351148616972,0.330169211721007,0.6000705965407696,0.0,0.12505210504376824,0.028368794326241134,0.5037783375314862,0.4115226337448559,0.6130456105934281,0.640279394644936,0.0,0.0,0.01,1.0679196924391285
DJ Hooda,0.0,0.0,0.16574585635359115,0.03729951510630362,0.22801302931596093,0.0,0.0,0.0,0.0,0.0,0.0,0.07990411506192568,0.0,0.03050640634533252,0.5056890012642224,0.03755163349605708,0.17705382436260625,0.0,0.2403020940611054,1.6718266253869971,0.5215742057847321,0.39421813403416556,0.0,0.0,0.0,0.0,0.0,0.0,0.0,0.0,0.3546099290780142,0.0,0.0,0.0,0.0,0.0,0.0,0.0,0.0,0.0,0.0,0.04688232536333802,0.0,0.0,0.0,0.0,0.0,0.0,0.0,0.0,0.0,0.0,0.0,0.04,0.0
M Ashwin,0.0,0.0,0.0,0.0,0.0,0.0,0.0,0.04482294935006724,0.07049700387733521,0.0,0.0,0.0,0.0,0.0,0.0,0.0,0.0,0.0,0.0,0.0,0.0,0.0,0.0,0.0,0.0,0.0,0.0,0.0,0.0,0.0,0.0,0.0,0.0,0.0,0.0,0.0,0.0,0.0,0.0,0.0,0.0,0.0,0.0,0.0,0.0,0.0,0.0,0.0,0.0,0.0,0.0,0.0,0.0,0.0,0.0
JDS Neesham,0.0,0.0,0.0,0.03729951510630362,0.03257328990228013,0.0,0.0,0.0,0.0,0.0,0.0,0.0,0.10312822275696115,0.0,0.02107037505267594,0.11265490048817124,0.0,0.0,0.0,0.0,0.0,0.0657030223390276,0.0,0.0,0.0,0.0,0.0,0.0,0.0,0.0,0.0,0.0,0.0,0.0,0.0,0.0,0.0,0.0,0.0,0.0,0.0,0.0,0.0,0.0,0.0,0.0,0.0,0.0,0.0,0.0,0.0,0.0,0.0,0.08,0.0
Ravi Bishnoi,0.0,0.0,0.0,0.0,0.0,0.0,0.20593080724876442,0.0,0.0,0.0,0.02907822041291073,0.0,0.034376074252320386,0.0,0.0,0.0,0.0,0.0,0.0,0.0,0.0,0.0,0.0,0.0,0.0,0.0,0.0,0.0,0.0,0.0,0.0,0.0,0.0,0.0,0.0,0.0,0.0,0.0,0.0,0.0,0.0,0.0,0.0,0.0,0.0,0.0,0.0,0.0,0.0,0.0,0.0,0.0,0.0,0.0,0.0
Mohammed Shami,0.0,0.0,0.0,0.0,0.0,0.0,0.0,0.0,0.0,0.0,0.0,0.03995205753096284,0.0,0.0,0.04214075010535188,0.0,0.0,0.0,0.0,0.0,0.0,0.0,0.0,0.0,0.0,0.0,0.0,0.0,0.0,0.0,0.0,0.0,0.0,0.0,0.0,0.0,0.0,0.0,0.0,0.0,0.0,0.0,0.0,0.0,0.0,0.0,0.0,0.0,0.0,0.0,0.0,0.0,0.0,0.0,0.0
P Simran Singh,0.0,0.0,0.0,0.0,0.0,0.0,0.04118616144975288,0.08964589870013448,0.0,0.0,0.17446932247746438,0.0,0.0,0.0,0.0,0.0,0.0,0.0,0.0,0.0,0.0,0.0,0.0,0.0,0.0,0.0,0.0,0.0,0.0,0.0,0.0,0.0,0.0,0.033707865168539325,0.0,0.04035512510088781,0.0,0.0,0.0,0.0,0.0,0.0,0.0,0.0,0.0,0.0,0.0,0.0,0.0,0.0,0.0,0.0,0.0,0.0,0.0
Mujeeb Ur Rahman,0.0,0.0,0.0,0.0,0.0,0.0,0.0,0.0,0.0,0.04880429477794046,0.0,0.0,0.0,0.0,0.0,0.0,0.0,0.0,0.0,0.0,0.0,0.0,0.0,0.0,0.0,0.0,0.0,0.0,0.0,0.0,0.0,0.0,0.0,0.0,0.0,0.0,0.0,0.0,0.0,0.0,0.0,0.0,0.0,0.0,0.0,0.0,0.0,0.0,0.0,0.0,0.0,0.0,0.0,0.0,0.0
SS Cottrell,0.0,0.0,0.0,0.0,0.0,0.0,0.0,0.0,0.0,0.0,0.0,0.0,0.0,0.0,0.0,0.0,0.0,0.0,0.0,0.0,0.0,0.0,0.0,0.0,0.0,0.0,0.0,0.0,0.0,0.0,0.0,0.0,0.0,0.0,0.0,0.0,0.0,0.0,0.0,0.0,0.0,0.0,0.0,0.0,0.0,0.0,0.0,0.0,0.0,0.0,0.0,0.0,0.0,0.0,0.0
Arshdeep Singh,0.0,0.0,0.0,0.0,0.0,0.0,0.0,0.0,0.0,0.0,0.0,0.0,0.0,0.0,0.0,0.0,0.0,0.0,0.0,0.0,0.0,0.0,0.0,0.0,0.0,0.0,0.0,0.0,0.0,0.0,0.0,0.0,0.0,0.0,0.0,0.0,0.0,0.0,0.0,0.0,0.0,0.0,0.0,0.0,0.0,0.0,0.0,0.0,0.0,0.0,0.0,0.0,0.0,0.0,0.0
,CH Morris,Mohammed Siraj,NA Saini,I Udana,YS Chahal,Washington Sundar,TU Deshpande,A Nortje,K Rabada,AR Patel,MP Stoinis,R Ashwin,DL Chahar,SM Curran,SN Thakur,KV Sharma,DJ Bravo,JC Archer,AS Rajpoot,JD Unadkat,TK Curran,S Gopal,R Parag,R Tewatia,TA Boult,JL Pattinson,JJ Bumrah,RD Chahar,KA Pollard,KH Pandya,Sandeep Sharma,Basil Thampi,T Natarajan,V Shankar,Rashid Khan,HV Patel,A Mishra,GJ Maxwell,Mohammed Shami,Arshdeep Singh,M Ashwin,CJ Jordan,Ravi Bishnoi,Mujeeb Ur Rahman,NM Coulter-Nile,VR Aaron,BA Stokes,Kartik Tyagi,L Ngidi,MJ Santner,RA Jadeja,B Kumar,KK Ahmed,Mohammad Nabi,Abhishek Sharma
Shubman Gill,0.25010421008753647,0.4318100035984167,0.07667031763417306,0.0,0.17777777777777778,0.19224607497596924,0.34173430158052115,0.27932960893854747,0.055248618784530384,0.0,0.1971738416036806,0.22379709063782172,0.7790368271954675,0.3793103448275862,0.0,0.0,0.0,0.07032348804500704,0.41273584905660377,0.10040160642570281,0.027609055770292656,1.320676846884028,0.05405405405405406,0.03529827038475115,0.15980823012385137,0.034376074252320386,0.1264222503160556,0.03755163349605708,0.0,0.12202562538133008,0.12355848434925865,0.3674669279764821,0.46525152660657165,0.18339009693476552,0.3904343582235237,0.06818956699624958,0.02068680182043856,0.0730816077953715,0.229197807673144,0.4036697247706422,0.4145408163265306,0.4534356470177886,1.0213852537503991,0.5736714975845411,0.44326241134751776,0.5291005291005291,0.11641443538998836,0.04904364884747425,0.061919504643962855,0.04081632653061224,0.0657030223390276,0.4598662207357859,0.7171671896010758,0.44414075845575673,0.24109295472810074
RA Tripathi,0.20842017507294708,0.04797888928871297,0.0,0.028368794326241134,0.13333333333333333,0.12816404998397948,0.0,0.15040825096691018,0.6077348066298343,0.09771986970684039,0.42720999014130795,0.0,1.2039660056657224,0.4482758620689655,0.03432887058015791,0.622938805423232,0.32232070910556004,0.04688232536333802,0.0,0.0,0.0,0.18572018159306644,0.0,0.5294740557712673,0.11985617259288853,0.0,0.0,0.0,0.0,0.0,0.2471169686985173,0.1224889759921607,0.17446932247746438,0.0,0.0,0.06818956699624958,0.0,0.17052375152253352,0.03986048829098156,0.0,0.0,0.0,0.0,0.0,0.044326241134751775,0.11757789535567312,0.20372526193247964,0.07356547327121138,0.18575851393188855,0.0,0.0,0.0,0.0,0.0,0.0
N Rana,0.0,0.08996041741633681,0.0,0.0,0.044444444444444446,0.04806151874399231,0.5553182400683468,0.6875805758487323,0.6629834254143646,0.13029315960912052,0.5586592178770949,1.1935844834017157,0.6019830028328612,0.034482758620689655,0.13731548232063165,0.47636496885305973,0.040290088638195005,0.0,0.0,0.0,0.11043622308117063,0.12381345439537762,0.13513513513513514,0.08824567596187788,0.0,0.0,0.1685630004214075,0.5257228689447991,0.07652280379553106,0.1830384380719951,0.0,0.0,0.05815644082582146,0.1047943411055803,1.0248901903367498,0.3239004432321855,0.37236243276789405,0.0,0.029895366218236172,0.03669724770642202,0.0,0.0,0.0,0.0,0.0,0.0,0.0,0.0,0.30959752321981426,1.0612244897959184,0.36136662286465177,0.41806020066889626,0.5378753922008068,0.0,0.0
T Banton,0.08336807002917883,0.05397625044980209,0.14238773274917854,0.0,0.0,0.0,0.0,0.0,0.0,0.0,0.0,0.0,0.0,0.0,0.0,0.0,0.0,0.0,0.0,0.0,0.0,0.0,0.0,0.0,0.0,0.0,0.0,0.0,0.0,0.0,0.0,0.0,0.0,0.0,0.0,0.0,0.0,0.0,0.0,0.0,0.0,0.0,0.0,0.0,0.0,0.0,0.0,0.0,0.0,0.0,0.0,0.0,0.0,0.0,0.0
KD Karthik,0.0,0.035984166966534725,0.02190580503833516,0.028368794326241134,0.014814814814814814,0.03204101249599487,0.0,0.04297378599054577,0.0,0.0,0.13144922773578704,0.0,0.0,0.22413793103448276,0.2059732234809475,0.0,0.040290088638195005,0.0,0.0,0.0,0.0,0.041271151465125874,0.0,0.0,0.15980823012385137,0.17188037126160194,0.0,0.08762047815746653,0.27548209366391185,0.2745576571079927,0.5354200988467874,0.1224889759921607,0.319860424542018,0.0,0.0,0.06818956699624958,0.0,0.0,0.14947683109118085,0.5137614678899083,0.0,0.34879665155214507,0.15959144589849986,0.27173913043478265,0.0,0.0,0.0,0.0,0.8049535603715171,0.0,0.0,0.0,0.0,0.0,0.0
EJG Morgan,0.0,0.035984166966534725,0.24096385542168675,0.14184397163120568,0.3111111111111111,0.14952472498130942,0.0,0.32230339492909327,2.3756906077348066,0.0,0.01643115346697338,0.0,0.03541076487252125,0.10344827586206896,0.13731548232063165,0.14657383657017223,0.0,0.4219409282700422,0.08844339622641509,0.0,0.6073992269464384,0.990507635163021,0.0,0.24708789269325804,0.31961646024770274,0.2406325197662427,0.1264222503160556,0.33796470146451374,0.18365472910927455,0.06101281269066504,0.20593080724876442,0.2572268495835375,0.5815644082582145,0.0,0.7320644216691069,0.06818956699624958,0.0,0.2679658952496955,0.5381165919282511,0.25688073394495414,0.22321428571428573,0.17439832577607253,0.03191828917969997,0.392512077294686,0.7535460992907802,0.0,0.640279394644936,0.3678273663560569,0.15479876160990713,0.0,0.0657030223390276,0.2926421404682274,0.0,0.23915271609156133,0.05357621216180016
PJ Cummins,0.020842017507294707,0.0,0.0,0.0,0.06666666666666667,0.03204101249599487,0.0,0.08594757198109154,0.0,0.0,0.0,0.0,0.0,0.10344827586206896,0.37761757638173704,0.0,0.12087026591458501,0.5157055789967183,0.029481132075471695,0.0,0.06902263942573164,0.0,0.0,0.0,0.8789452656811826,0.0,1.34850400337126,0.26286143447239957,0.0,0.1525320317266626,0.0,0.0,0.0,0.0,0.0,0.03409478349812479,0.0,0.0,0.0,0.11009174311926606,0.03188775510204082,0.06975933031042901,0.0,0.0,0.8865248226950355,0.0,0.20372526193247964,0.03678273663560569,0.0,0.0,0.0,0.0,0.0,0.0,0.0
Kuldeep Yadav,0.20842017507294708,0.10795250089960418,0.02190580503833516,0.0,0.0,0.09612303748798462,0.0,0.0,0.0,0.0,0.0,0.0,0.0,0.0,0.0,0.0,0.0,0.0,0.0,0.0,0.0,0.0,0.0,0.0,0.0,0.0,0.0,0.03755163349605708,0.0,0.0,0.0,0.0,0.0,0.0,0.0,0.0,0.0,0.0,0.0,0.0,0.0,0.0,0.0,0.0,0.0,0.0,0.0,0.0,0.0,0.0,0.0,0.0,0.0,0.0,0.0
LH Ferguson,0.3334722801167153,0.10795250089960418,0.0,0.0,0.3111111111111111,0.03204101249599487,0.0,0.0,0.0,0.0,0.0,0.0,0.0,0.0,0.0,0.0,0.0,0.0,0.0,0.0,0.0,0.0,0.0,0.0,0.0,0.0,0.0,0.0,0.0,0.0,0.0,0.0,0.0,0.0,0.0,0.0,0.0,0.0,0.2092675635276532,0.0,0.15943877551020408,0.4185559818625741,0.0,0.0,0.0,0.0,0.0,0.0,0.0,0.0,0.0,0.0,0.0,0.0,0.0
SP Narine,0.0,0.0,0.0,0.0,0.0,0.0,0.7689021785561726,0.04297378599054577,0.11049723756906077,0.0,0.36148537627341437,1.1935844834017157,0.0,0.0,0.0,0.20153902528398682,0.523771152296535,0.0,0.11792452830188678,0.18406961178045517,0.0,0.0,0.0,0.0,0.0,0.13750429700928155,0.04214075010535188,0.0,0.0,0.0,0.0,0.0,0.0,0.0,0.0,0.0,0.0,0.0,0.0,0.0,0.0,0.10463899546564352,0.0,0.0,0.0,0.0,0.0,0.0,0.0,0.0,0.0,0.0,0.0,0.0,0.0
AD Russell,0.041684035014589414,0.0,0.0,0.19858156028368795,0.0,0.03204101249599487,0.0,0.0,0.2762430939226519,0.0,0.0,0.0,0.0708215297450425,0.0,0.0,0.0,0.0,0.6094702297233944,0.08844339622641509,0.0,0.0,0.7016095749071399,0.0,0.03529827038475115,0.3595685177786656,0.034376074252320386,0.0702345835089198,0.03755163349605708,0.0,0.21354484441732763,0.0,0.0,0.02907822041291073,0.13099292638197538,0.09760858955588092,0.0,0.12412081092263136,0.0,0.029895366218236172,0.07339449541284404,0.0,0.0,0.0,0.0,0.0,0.0,0.0,0.14713094654242276,0.0,0.0,0.0,0.0,0.0,0.0,0.0
KL Nagarkoti,0.041684035014589414,0.0,0.02190580503833516,0.0,0.044444444444444446,0.0,0.0,0.08594757198109154,0.0,0.0,0.03286230693394676,0.0,0.0,0.0,0.0,0.0,0.0,0.0,0.20636792452830188,0.0,0.027609055770292656,0.0,0.0,0.0,0.0,0.0,0.0,0.0,0.0,0.0,0.0,0.0,0.0,0.0,0.0,0.0,0.0,0.0,0.0,0.0,0.01594387755102041,0.0,0.15959144589849986,0.0,0.0,0.0,0.0,0.024521824423737126,0.0,0.0,0.0,0.0,0.0,0.0,0.0
Shivam Mavi,0.0,0.0,0.0,0.0,0.0,0.0,0.0,0.0,0.0,0.0,0.03286230693394676,0.0,0.0,0.0,0.0,0.0,0.0,0.0,0.0,0.0,0.0,0.0,0.0,0.0,0.15980823012385137,0.06875214850464077,0.0,0.05632745024408562,0.0,0.0,0.0,0.0,0.0,0.0,0.0,0.0,0.0,0.0,0.0,0.0,0.0,0.0,0.0,0.0,0.0,0.0,0.0,0.0,0.0,0.0,0.0,0.0,0.0,0.0,0.0
CV Varun,0.08336807002917883,0.0,0.06571741511500548,0.05673758865248227,0.0,0.0,0.0,0.0,0.0,0.0,0.0,0.0,0.0,0.0,0.0,0.0,0.020145044319097503,0.0,0.0,0.0,0.0,0.0,0.0,0.0,0.0,0.0,0.0,0.0,0.0,0.0,0.0,0.0,0.0,0.0,0.0,0.0,0.0,0.0,0.029895366218236172,0.0,0.0,0.017439832577607253,0.0,0.0,0.0,0.0,0.0,0.0,0.0,0.0,0.0,0.0,0.0,0.0,0.0
NS Naik,0.0,0.0,0.0,0.0,0.0,0.0,0.0,0.0,0.0,0.0,0.0,0.0,0.0,0.0,0.0,0.0,0.0,0.0,0.0,0.0,0.0,0.0,0.0,0.0,0.0,0.0,0.04214075010535188,0.0,0.0,0.0,0.0,0.0,0.0,0.0,0.0,0.0,0.0,0.0,0.0,0.0,0.0,0.0,0.0,0.0,0.0,0.0,0.0,0.0,0.0,0.0,0.0,0.0,0.0,0.0,0.0
M Prasidh Krishna,0.0,0.0,0.0,0.05673758865248227,0.0,0.0,0.0,0.0,0.0,0.0,0.0,0.0,0.0,0.0,0.0,0.0,0.0,0.0,0.0,0.0,0.0,0.0,0.0,0.0,0.0,0.0,0.0,0.0,0.0,0.0,0.0,0.0,0.0,0.0,0.0,0.0,0.0,0.0,0.0,0.0,0.0,0.0,0.0,0.0,0.0,0.0,0.0,0.0,0.0,0.0,0.0,0.0,0.0,0.0,0.0
RK Singh,0.0,0.0,0.0,0.0,0.0,0.0,0.0,0.0,0.0,0.0,0.0,0.0,0.0,0.0,0.0,0.07328691828508611,0.0,0.0,0.0,0.0,0.0,0.0,0.0,0.0,0.0,0.0,0.0,0.0,0.0,0.0,0.0,0.0,0.0,0.0,0.0,0.0,0.0,0.0,0.0,0.0,0.0,0.0,0.0,0.0,0.0,0.0,0.0,0.0,0.061919504643962855,0.12244897959183673,0.0821287779237845,0.0,0.0,0.0,0.0
,PJ Cummins,M Prasidh Krishna,CV Varun,LH Ferguson,TA Boult,JJ Bumrah,KH Pandya,JL Pattinson,RD Chahar,KA Pollard,Sandeep Sharma,JO Holder,T Natarajan,S Nadeem,Rashid Khan,DR Sams,R Ashwin,A Nortje,K Rabada,AR Patel,SS Cottrell,Mohammed Shami,Ravi Bishnoi,M Ashwin,JDS Neesham,GJ Maxwell,JC Archer,JD Unadkat,S Gopal,TK Curran,R Tewatia,R Parag,HV Patel,Kartik Tyagi,DL Chahar,SM Curran,SN Thakur,DJ Bravo,KV Sharma,RA Jadeja,Arshdeep Singh,CJ Jordan,B Kumar,MR Marsh,V Shankar,Abhishek Sharma,AD Russell,KL Nagarkoti,Monu Kumar,MJ Santner,Imran Tahir
D Padikkal,0.6068348770360907,0.47191011235955055,0.3683241252302026,0.02594033722438392,0.3595685177786656,0.1685630004214075,0.7626601586333129,1.0656583018219319,1.5020653398422832,0.18365472910927455,0.32948929159802304,0.07049700387733521,0.43617330619366096,0.0,0.14641288433382138,0.08,0.24244684819097354,0.2578427159432746,0.49723756906077343,0.39087947882736157,0.017047391749062394,0.2989536621823617,0.0,0.0,0.0,0.0243605359317905,0.3516174402250352,0.8032128514056225,0.7428807263722658,0.35891772501380453,0.3176844334627603,0.0,0.0,0.24521824423737126,0.42492917847025496,0.5862068965517241,0.06865774116031582,0.24174053182917002,0.36643459142543056,0.0,0.12844036697247707,0.0,0.2508361204013378,0.23809523809523808,0.03929787791459261,0.2678810608090008,0.14245014245014245,0.0,0.01,0.10204081632653061,0.0
AJ Finch,0.5429575215586075,0.2247191011235955,0.6906077348066298,0.0,0.21973631642029565,0.0,0.1525320317266626,0.5843932622894465,0.7134810364250845,0.0,0.37067545304777594,0.21149101163200562,0.23262576330328583,0.06722237160527024,1.0248901903367498,0.0,0.14919806042521447,0.30081650193382037,0.11049723756906077,0.0,0.06818956699624958,0.35874439461883406,0.1117140121289499,0.15943877551020408,0.0,0.17052375152253352,0.8438818565400844,0.0,0.055028201953501166,0.0,0.0,0.0,0.0,0.0,0.17705382436260625,0.05172413793103448,0.0,0.0,0.0,0.0,0.07339449541284404,0.0,0.08361204013377926,0.047619047619047616,0.2095886822111606,0.01339405304045004,0.2136752136752137,0.10822510822510822,0.04,0.0,0.0
Gurkeerat Singh,0.0,0.0,0.6445672191528545,0.18158236057068744,0.4794246903715541,0.08428150021070376,0.0,0.0,0.0,0.0,0.12355848434925865,0.10574550581600281,0.17446932247746438,0.05377789728421619,0.04880429477794046,0.0,0.0,0.0,0.0,0.0,0.0,0.0,0.0,0.0,0.0,0.0,0.23441162681669012,0.20080321285140562,0.1650846058605035,0.0,0.0,0.0,0.0,0.0980872976949485,0.0708215297450425,0.0,0.0,0.0,0.0,0.0,0.0,0.0,0.0,0.0,0.0,0.0,0.0,0.0,0.0,0.0,0.0
V Kohli,0.0,0.3146067415730337,0.6906077348066298,0.20752269779507135,0.0,0.1685630004214075,0.12202562538133008,0.0,0.0938790837401427,0.0,0.22652388797364084,0.10574550581600281,0.014539110206455364,0.0,0.29282576866764276,0.0,0.14919806042521447,0.2578427159432746,0.22099447513812154,0.9120521172638437,0.0,0.059790732436472344,0.38301947015639964,0.4145408163265306,0.0,0.146163215590743,0.04688232536333802,0.535475234270415,0.9492364836978952,0.6073992269464384,1.200141193081539,0.14864864864864866,0.7500852369587454,0.0980872976949485,0.3541076487252125,0.5,0.8582217645039478,0.846091861402095,0.36643459142543056,0.6241787122207622,0.3669724770642202,0.13951866062085802,0.0,0.0,0.0,0.08036431824270024,0.10683760683760685,0.23809523809523808,0.03,0.3673469387755102,0.6638217164532954
JR Philippe,0.0,0.0,0.0,0.0,0.4394726328405913,0.21070375052675938,0.21354484441732763,0.2062564455139223,0.07510326699211416,0.0,0.32948929159802304,0.21149101163200562,0.0,0.4033342296316214,0.07320644216691069,0.08,0.07459903021260723,0.08594757198109154,0.0,0.0,0.0,0.0,0.0,0.0,0.0,0.0,0.0,0.0,0.0,0.0,0.0,0.0,0.0,0.0,0.0,0.0,0.0,0.0,0.0,0.0,0.0,0.0,0.04180602006688963,0.0,0.0,0.0,0.0,0.0,0.0,0.0,0.0
AB de Villiers,0.5429575215586075,0.1348314606741573,0.04604051565377532,0.0,0.2796644027167399,1.4327855035819637,0.24405125076266015,0.44688896528016503,0.1502065339842283,0.15304560759106212,0.8649093904448105,0.24673951357067322,0.34893864495492877,0.45711212691583764,1.4641288433382138,0.09,0.03729951510630362,0.20054433462254692,0.6077348066298343,0.13029315960912052,0.4091374019774975,0.014947683109118086,0.3191828917969997,0.11160714285714286,0.0,0.0,0.7501172058134083,1.0040160642570282,0.3714403631861329,0.13804527885146328,0.0,0.0,0.17047391749062393,0.17165277096615988,0.0,0.0,0.0,0.0,0.0,0.19710906701708278,0.0,0.0,0.2717391304347826,0.0,0.0,0.05357621216180016,1.0327635327635327,0.4329004329004329,0.08,0.3673469387755102,0.7586533902323376
S Dube,0.0,0.0,0.0,0.0,0.07990411506192568,0.1264222503160556,0.0,0.6531454107940873,0.0,0.061218243036424855,0.04118616144975288,0.035248501938667604,0.17446932247746438,0.05377789728421619,0.09760858955588092,0.12,0.26109660574412535,0.04297378599054577,0.14732965009208102,0.0,0.0,0.029895366218236172,0.4468560485157996,0.09566326530612244,0.10041420861051839,0.06090133982947625,0.0,0.0,0.0,0.0,0.0,0.0,0.0,0.0,0.0,0.27586206896551724,0.30895983522142123,0.0,0.18321729571271528,0.0,0.0,0.06975933031042901,0.04180602006688963,0.0,0.0,0.0,0.0,0.0,0.0,0.0,0.0
CH Morris,0.0,0.0,0.0,0.0,0.07990411506192568,0.0,0.0,0.0,0.0,0.0,0.0,0.035248501938667604,0.02907822041291073,0.0,0.0,0.0,0.0,0.0,0.0,0.0,0.0,0.5082212257100149,0.0,0.0,0.0,0.0,0.0,0.0,0.0,0.0,0.0,0.0,0.0,0.0,0.0,0.06896551724137931,0.0,0.0,0.0,0.0,0.0,0.27903732124171604,0.0,0.0,0.0,0.0,0.0,0.0,0.0,0.0,0.0
Washington Sundar,0.0,0.0,0.0,0.0,0.31961646024770274,0.08428150021070376,0.0,0.0,0.0,0.0,0.2883031301482702,0.24673951357067322,0.019385480275273818,0.13444474321054048,0.2440214738897023,0.0,0.03729951510630362,0.0,0.30386740331491713,0.0,0.0,0.17937219730941703,0.17555059048834984,0.06377551020408163,0.050207104305259195,0.438489646772229,0.0,0.0,0.0,0.0,0.0,0.0,0.17047391749062393,0.0,0.17705382436260625,0.0,0.0,0.0,0.29314767314034446,0.0657030223390276,0.0,0.0,0.0,0.0,0.0,0.0,0.0,0.0,0.0,0.0,0.0
I Udana,0.0,0.0,0.0,0.0,0.0,0.0,0.0,0.0,0.0,0.0,0.0,0.0,0.0,0.0,0.0,0.0,0.0,0.10743446497636441,0.0,0.0,0.0,0.23916292974588937,0.0,0.0,0.0,0.0,0.0,0.0,0.0,0.0,0.0,0.0,0.0,0.0,0.0,0.0,0.0,0.0,0.0,0.0,0.0,0.06975933031042901,0.0,0.0,0.0,0.0,0.0,0.0,0.0,0.0,0.0
Mohammed Siraj,0.0,0.0,0.0,0.0,0.0,0.0,0.0,0.0,0.0,0.0,0.0,0.10574550581600281,0.2617039837161966,0.0,0.0,0.0,0.0,0.10743446497636441,0.0,0.0,0.0,0.0,0.0,0.0,0.0,0.0,0.0,0.0,0.0,0.0,0.0,0.0,0.0,0.0,0.0,0.0,0.0,0.0,0.0,0.0,0.0,0.0,0.0,0.0,0.0,0.0,0.0,0.0,0.0,0.0,0.0
Shahbaz Ahmed,0.0,0.0,0.0,0.0,0.0,0.0,0.0,0.0,0.0,0.0,0.0,0.0,0.0,0.0,0.0,0.0,0.0,0.04297378599054577,0.0,0.0,0.0,0.0,0.0,0.0,0.0,0.0,0.0,0.0,0.0,0.0,0.0,0.0,0.0,0.0,0.0,0.0,0.0,0.0,0.0,0.0,0.0,0.0,0.0,0.0,0.0,0.0,0.0,0.0,0.0,0.0,0.0
UT Yadav,0.0,0.0,0.0,0.0,0.0,0.0,0.0,0.0,0.0,0.0,0.0,0.0,0.0,0.0,0.0,0.0,0.0,0.0,0.0,0.0,0.0,0.0,0.0,0.0,0.0,0.0,0.0,0.0,0.0,0.0,0.0,0.0,0.0,0.0,0.0,0.0,0.0,0.0,0.0,0.0,0.0,0.0,0.0,0.0,0.0,0.0,0.0,0.0,0.0,0.0,0.0
NA Saini,0.0,0.0,0.0,0.0,0.0,0.0,0.0,0.0,0.0,0.0,0.0,0.10574550581600281,0.17446932247746438,0.0,0.0,0.0,0.0,0.04297378599054577,0.16574585635359115,0.0,0.0,0.0,0.03191828917969997,0.06377551020408163,0.0,0.0243605359317905,0.0,0.0,0.0,0.0,0.0,0.0,0.2727582679849983,0.0,0.0,0.0,0.0,0.0,0.0,0.0,0.0,0.0,0.0,0.0,0.0,0.0,0.0,0.0,0.0,0.0,0.0
DW Steyn,0.0,0.0,0.0,0.0,0.0,0.0,0.0,0.0,0.0,0.0,0.0,0.0,0.0,0.0,0.0,0.0,0.0,0.0,0.0,0.0,0.0,0.0,0.0,0.03188775510204082,0.0,0.0,0.0,0.0,0.0,0.0,0.0,0.0,0.0,0.0,0.0,0.0,0.0,0.0,0.0,0.0,0.0,0.0,0.0,0.0,0.0,0.0,0.0,0.0,0.0,0.0,0.0
YS Chahal,0.0,0.0,0.0,0.0,0.0,0.0,0.0,0.0,0.0,0.0,0.0,0.0,0.0,0.0,0.0,0.0,0.0,0.0,0.0,0.0,0.0,0.0,0.0,0.01594387755102041,0.0,0.0,0.0,0.0,0.0,0.0,0.0,0.0,0.0,0.0,0.0,0.0,0.0,0.0,0.0,0.0,0.0,0.0,0.0,0.0,0.0,0.0,0.0,0.0,0.0,0.0,0.0
MM Ali,0.0,0.0,0.0,0.0,0.0,0.0,0.0,0.0,0.0,0.0,0.0,0.0,0.0,0.0,0.0,0.0,0.26109660574412535,0.0,0.0,0.06514657980456026,0.0,0.0,0.0,0.0,0.0,0.0,0.0,0.0,0.0,0.0,0.0,0.0,0.0,0.0,0.03541076487252125,0.0,0.0,0.0,0.0,0.0,0.0,0.0,0.0,0.0,0.0,0.0,0.0,0.0,0.0,0.0,0.0
,DS Kulkarni,NM Coulter-Nile,JL Pattinson,RD Chahar,KH Pandya,Mohammed Shami,Arshdeep Singh,M Ashwin,Ravi Bishnoi,CJ Jordan,CH Morris,Washington Sundar,NA Saini,Mohammed Siraj,YS Chahal,I Udana,JC Archer,S Gopal,Kartik Tyagi,JD Unadkat,R Tewatia,BA Stokes,PJ Cummins,Shivam Mavi,CV Varun,AD Russell,LH Ferguson,Kuldeep Yadav,DL Chahar,SM Curran,SN Thakur,DJ Bravo,PP Chawla,RA Jadeja,AS Rajpoot,A Nortje,K Rabada,R Ashwin,AR Patel,TU Deshpande,MP Stoinis,KV Sharma,I Sharma,A Mishra,DW Steyn,UT Yadav,S Dube,TA Boult,JJ Bumrah,KA Pollard,SS Cottrell,Mujeeb Ur Rahman,GJ Maxwell,SP Narine,KL Nagarkoti,A Zampa,MM Ali,P Dubey
DA Warner,0.21269053527118043,0.5319148936170213,0.6359573736679272,1.351858805858055,0.9762050030506406,1.1061285500747384,0.5137614678899083,0.03188775510204082,0.053197148632833285,0.0,0.08336807002917883,0.19224607497596924,0.04381161007667032,0.16192875134940626,0.0,0.0,0.1093920925144554,0.7428807263722658,0.22069641981363414,0.13386880856760375,0.3176844334627603,0.14551804423748546,0.44714148834238265,0.20331106593087425,0.20718232044198895,0.4985754985754986,0.07782101167315175,0.5177993527508091,0.31869688385269124,0.10344827586206896,0.2403020940611054,0.16116035455278002,0.2012440541529455,0.0,0.0,1.1602922217447358,0.8563535911602209,0.29839612085042894,0.2931596091205212,0.17086715079026057,0.0985869208018403,0.0,0.3816793893129771,0.18618121638394702,0.2320185614849188,0.0,0.0,0.2796644027167399,0.5056890012642224,0.09182736455463728,0.3750426184793727,0.4528985507246377,0.097442143727162,0.6860371267150928,0.0,0.0,0.0,0.0
WP Saha,0.4962779156327543,0.6205673758865249,0.13750429700928155,0.33796470146451374,0.5186089078706528,0.0,0.0,0.0,0.0,0.0,0.16673614005835766,0.16020506247997437,0.0,0.4318100035984167,0.2,0.2553191489361702,0.0,0.0,0.0,0.0,0.0,0.0,0.06387735547748323,0.0,0.46040515653775327,0.2136752136752137,0.0,0.0,0.0,0.0,0.0,0.0,0.0,0.0,0.0,0.17189514396218308,1.1049723756906076,0.783289817232376,0.6840390879478827,0.5126014523707817,0.1643115346697338,0.0,0.0,0.0,0.0,0.0,0.0,0.0,0.0,0.0,0.0,0.0,0.0,0.12106537530266344,0.1948051948051948,0.0,0.0,0.0
JM Bairstow,0.0,0.0,0.4125128910278446,0.0,0.1830384380719951,0.47832585949177875,0.3302752293577982,0.1913265306122449,0.27130545802744976,0.0,0.0,0.0,0.2628696604600219,0.0,0.17777777777777778,0.0,0.04688232536333802,0.1650846058605035,0.12260912211868563,0.0,0.0,0.0,0.12775471095496646,0.14522218995062447,0.3453038674033149,0.2849002849002849,0.05188067444876784,0.0,0.19475920679886688,0.1724137931034483,0.10298661174047374,0.0,0.0,0.0657030223390276,0.29481132075471694,0.1289213579716373,0.16574585635359115,0.0,0.26058631921824105,0.0,0.29576076240552085,0.0,0.27262813522355506,0.703351261894911,0.19334880123743234,1.1635638297872342,0.04938271604938271,0.13983220135836996,0.0,0.0,0.5455165359699966,0.7246376811594204,0.535931790499391,0.12106537530266344,0.0,0.0,0.0,0.0
MK Pandey,0.0,0.0,0.017188037126160193,0.26286143447239957,0.06101281269066504,0.029895366218236172,0.03669724770642202,0.09566326530612244,0.2234280242578998,0.05231949773282176,0.3751563151313047,0.5446972124319128,0.5914567360350493,0.2518891687657431,0.10370370370370371,0.0,0.1406469760900141,1.031778786628147,1.0053948013732221,0.15060240963855423,1.3413342746205437,0.6111757857974389,0.22357074417119133,0.20331106593087425,0.6906077348066298,0.017806267806267807,0.01297016861219196,0.3559870550161812,0.4957507082152975,0.25862068965517243,0.03432887058015791,0.08058017727639001,0.0,0.0,0.0,0.730554361839278,0.7734806629834253,0.0,0.16286644951140067,0.7689021785561726,0.21360499507065397,0.0,0.0,0.02068680182043856,0.27068832173240526,0.3324468085106383,0.0,0.31961646024770274,0.21070375052675938,0.21426385062748698,0.0,0.0,0.0,0.3228410008071025,0.15151515151515152,0.0,0.0,0.0
Abdul Samad,0.0,0.0,0.034376074252320386,0.0,0.0,0.07473841554559042,0.03669724770642202,0.06377551020408163,0.1117140121289499,0.0,0.0,0.0,0.0,0.0,0.0,0.0,0.0,0.0,0.0,0.0,0.0,0.0,0.2555094219099329,0.10165553296543713,0.23020257826887663,0.0,0.0648508430609598,0.0,0.0,0.0,0.17164435290078958,0.12087026591458501,0.0,0.0,0.0,1.1173184357541899,0.19337016574585633,0.1864975755315181,0.06514657980456026,0.0,0.1643115346697338,0.0,0.0,0.0,0.0,0.0,0.0,0.03995205753096284,0.37926675094816686,0.0,0.0,0.0,0.0,0.0,0.0,0.0,0.0,0.0
V Shankar,0.0,0.0,0.0,0.0,0.0,0.0,0.12844036697247707,0.2869897959183674,0.09575486753909991,0.24415765608650156,0.0,0.0,0.0,0.0,0.0,0.0,0.6563525550867324,0.660338423442014,0.17165277096615988,0.0,0.4235792446170138,0.08731082654249127,0.015969338869370808,0.0,0.0,0.0,0.02594033722438392,0.16181229773462785,0.0,0.0,0.0,0.14101531023368252,0.1463593121112331,0.0,0.0,0.0,0.0,0.0,0.0,0.0,0.0,0.03664345914254306,0.0,0.0,0.0,0.0,0.0,0.0,0.0,0.0,0.0,0.0,0.0,0.0,0.0,0.0,0.0,0.0
JO Holder,0.0,0.0,0.0,0.0,0.0,0.0,0.07339449541284404,0.0,0.0,0.05231949773282176,0.0,0.03204101249599487,0.4600219058050383,0.17992083483267363,0.35555555555555557,0.2553191489361702,0.0,0.0,0.0,0.0,0.0,0.0,0.0,0.0,0.0,0.0,0.0,0.0,0.0,0.0,0.0,0.0,0.0,0.0,0.0,0.17189514396218308,0.0,0.0,0.06514657980456026,0.0,0.0,0.0,0.0,0.0,0.0,0.0,0.09876543209876543,0.0,0.0,0.0,0.0,0.0,0.0,0.0,0.0,0.170261066969353,0.032467532467532464,0.03
PK Garg,0.0,0.0,0.0,0.0,0.0,0.0,0.012232415902140673,0.0,0.0,0.06975933031042901,0.0,0.0,0.0,0.0,0.13333333333333333,0.0,0.1406469760900141,0.0,0.0,0.20080321285140562,0.0,0.0,0.0,0.0,0.09208103130755065,0.0,0.02594033722438392,0.0,0.24787535410764874,0.6896551724137931,0.30895983522142123,0.604351329572925,0.036589828027808274,0.22996057818659657,0.0,0.2578427159432746,0.11049723756906077,0.29839612085042894,0.0,0.0,0.01643115346697338,0.14657383657017223,0.0,0.0,0.27068832173240526,0.03324468085106383,0.07407407407407407,0.07990411506192568,0.0,0.18365472910927455,0.0,0.0,0.0,0.0,0.0,0.11350737797956867,0.0,0.0
Rashid Khan,0.0,0.0,0.0,0.0,0.0,0.0,0.0,0.0,0.0,0.0,0.0,0.0,0.01095290251916758,0.0,0.0,0.0,0.0,0.0,0.0,0.0,0.0,0.0,0.0,0.0,0.0,0.03561253561253561,0.0,0.0,0.0,0.0,0.05149330587023687,0.0,0.0,0.0,0.0,0.0,0.027624309392265192,0.3729951510630362,0.0,0.0,0.0,0.40307805056797363,0.0,0.0,0.0,0.0,0.24691358024691357,0.0,0.04214075010535188,0.061218243036424855,0.0,0.0,0.0,0.0,0.0,0.0,0.0,0.0
Sandeep Sharma,0.0,0.0,0.0,0.0,0.0,0.0,0.0,0.0,0.0,0.0,0.0,0.0,0.02190580503833516,0.0,0.0,0.0,0.0,0.0,0.0,0.0,0.0,0.0,0.0,0.0,0.0,0.0,0.0,0.0,0.0,0.0,0.0,0.040290088638195005,0.0,0.0,0.0,0.08594757198109154,0.0,0.0,0.0,0.0,0.0,0.0,0.0,0.0,0.1160092807424594,0.0,0.09876543209876543,0.0,0.0,0.0,0.0,0.0,0.0,0.0,0.0,0.0,0.0,0.0
KK Ahmed,0.0,0.0,0.0,0.0,0.0,0.0,0.0,0.0,0.0,0.0,0.0,0.0,0.0,0.0,0.0,0.0,0.0,0.0,0.0,0.0,0.0,0.0,0.0,0.0,0.0,0.0,0.0,0.0,0.0,0.0,0.0,0.0,0.0,0.0,0.0,0.0,0.0,0.0,0.0,0.0,0.0,0.0,0.0,0.0,0.0,0.0,0.0,0.0,0.0,0.0,0.0,0.0,0.0,0.0,0.0,0.0,0.0,0.0
KS Williamson,0.0,0.0,0.0,0.0,0.03050640634533252,0.38863976083707025,0.14678899082568808,0.0,0.09575486753909991,0.0,0.0,0.3524511374559436,0.19715224534501644,0.1439366678661389,0.8,0.028368794326241134,0.7032348804500704,0.0,0.04904364884747425,0.16733601070950468,0.0,0.0,0.22357074417119133,0.46471100784199826,0.04604051565377532,0.1780626780626781,0.0,0.0,0.31869688385269124,0.20689655172413793,0.2403020940611054,0.523771152296535,0.12806439809732895,0.45992115637319314,0.0,0.6446067898581865,0.5524861878453038,0.22379709063782172,1.0423452768729642,0.042716787697565144,0.42720999014130795,0.18321729571271528,0.0,0.33098882912701694,0.0,0.0,0.24691358024691357,0.0,0.08428150021070376,0.0,0.0,0.0,0.0,0.0,0.0,0.340522133938706,0.09740259740259741,0.11
Abhishek Sharma,0.0,0.0,0.06875214850464077,0.0,0.12202562538133008,0.014947683109118086,0.4036697247706422,0.0,0.0,0.0,0.0,0.06408202499198974,0.06571741511500548,0.0,0.2222222222222222,0.0,0.0,0.0,0.0,0.0,0.0,0.0,0.0,0.0,0.0,0.07122507122507123,0.0,0.0,0.08852691218130312,0.034482758620689655,0.06865774116031582,0.24174053182917002,0.18294914013904134,0.39421813403416556,0.0,0.0,0.055248618784530384,0.0,0.0,0.0,0.0,0.0,0.0,0.0,0.0,0.0,0.04938271604938271,0.11985617259288853,0.02107037505267594,0.0,0.0,0.0,0.0,0.0,0.0,0.0,0.0,0.0
S Nadeem,0.0,0.0,0.0,0.0,0.0,0.0,0.0,0.0,0.0,0.0,0.0,0.0,0.0,0.0,0.0,0.0,0.0,0.0,0.0,0.0,0.0,0.0,0.0,0.0,0.0,0.0,0.0,0.0,0.0,0.0,0.03432887058015791,0.0,0.0,0.0,0.0,0.08594757198109154,0.0,0.0,0.0,0.0,0.0,0.14657383657017223,0.0,0.0,0.0,0.0,0.0,0.0,0.0,0.0,0.0,0.0,0.0,0.0,0.0,0.0,0.0,0.0
T Natarajan,0.0,0.0,0.0,0.0,0.0,0.0,0.0,0.0,0.0,0.0,0.0,0.0,0.0,0.0,0.0,0.0,0.0,0.0,0.0,0.0,0.0,0.0,0.0,0.0,0.0,0.0,0.0,0.0,0.0,0.0,0.0,0.0,0.0,0.0,0.0,0.0,0.0,0.0,0.0,0.0,0.0,0.0,0.0,0.0,0.038669760247486466,0.0,0.09876543209876543,0.0,0.0,0.0,0.0,0.0,0.0,0.0,0.0,0.0,0.0,0.0
B Kumar,0.0,0.0,0.0,0.0,0.0,0.0,0.0,0.0,0.0,0.0,0.0,0.0,0.0,0.0,0.0,0.0,0.0,0.0,0.0,0.0,0.0,0.0,0.0,0.0,0.0,0.0,0.0,0.0,0.0,0.0,0.0,0.0,0.0,0.0,0.0,0.0,0.0,0.0,0.0,0.0,0.0,0.0,0.0,0.0,0.0,0.0,0.0,0.0,0.0,0.0,0.0,0.0,0.0,0.0,0.0,0.0,0.0,0.0
MR Marsh,0.0,0.0,0.0,0.0,0.0,0.0,0.0,0.0,0.0,0.0,0.0,0.0,0.0,0.0,0.0,0.0,0.0,0.0,0.0,0.0,0.0,0.0,0.0,0.0,0.0,0.0,0.0,0.0,0.0,0.0,0.0,0.0,0.0,0.0,0.0,0.0,0.0,0.0,0.0,0.0,0.0,0.0,0.0,0.0,0.0,0.0,0.0,0.0,0.0,0.0,0.0,0.0,0.0,0.0,0.0,0.0,0.0,0.0
Mohammad Nabi,0.0,0.0,0.0,0.0,0.0,0.0,0.0,0.0,0.0,0.0,0.0,0.0,0.0,0.0,0.0,0.0,0.0,0.0,0.0,0.0,0.0,0.0,0.0,0.14522218995062447,0.0,0.2136752136752137,0.0,0.0,0.0,0.0,0.0,0.0,0.0,0.0,0.0,0.0,0.0,0.0,0.0,0.0,0.0,0.0,0.0,0.0,0.0,0.0,0.0,0.0,0.0,0.0,0.0,0.0,0.0,0.0,0.0,0.0,0.0,0.0
SP Goswami,0.0,0.0,0.0,0.0,0.0,0.0,0.0,0.0,0.0,0.0,0.0,0.0,0.0,0.0,0.0,0.0,0.0,0.0,0.0,0.0,0.0,0.0,0.0,0.0,0.0,0.0,0.0,0.0,0.0,0.0,0.0,0.0,0.0,0.0,0.0,0.0,0.0,0.0,0.0,0.0,0.0,0.0,0.0,0.0,0.0,0.0,0.0,0.0,0.0,0.0,0.0,0.0,0.0,0.0,0.0,0.0,0.0,0.0
,DL Chahar,SM Curran,L Ngidi,RA Jadeja,PP Chawla,K Rabada,A Nortje,R Ashwin,HV Patel,AR Patel,MP Stoinis,SP Narine,PJ Cummins,Shivam Mavi,KL Nagarkoti,CV Varun,Kuldeep Yadav,Sandeep Sharma,KK Ahmed,T Natarajan,Abhishek Sharma,Rashid Khan,V Shankar,TA Boult,JJ Bumrah,JL Pattinson,RD Chahar,KH Pandya,KA Pollard,I Udana,Washington Sundar,NA Saini,YS Chahal,A Zampa,S Dube,JO Holder,S Nadeem,CH Morris,Shahbaz Ahmed,SS Cottrell,Mohammed Shami,Ravi Bishnoi,JDS Neesham,M Ashwin,GJ Maxwell,JR Hazlewood,SN Thakur,Arshdeep Singh,CJ Jordan,TU Deshpande
YBK Jaiswal,0.08852691218130312,0.034482758620689655,0.0,0.0,0.0,0.11049723756906077,0.04297378599054577,0.4102946661693398,0.3068530514831231,0.06514657980456026,0.14788038120276042,0.0,0.0,0.0,0.0,0.0,0.0,0.0,0.0,0.0,0.0,0.0,0.0,0.0,0.0,0.0,0.0,0.0,0.0,0.0,0.0,0.0,0.0,0.0,0.0,0.0,0.0,0.0,0.0,0.0,0.0,0.0,0.0,0.0,0.0,0.0,0.0,0.0,0.0,0.0
SPD Smith,0.6728045325779037,0.06896551724137931,0.9287925696594428,0.5256241787122208,1.1342846688620565,0.6077348066298343,0.0,0.1678478179783663,0.17047391749062393,0.0,0.0,0.04035512510088781,0.06387735547748323,0.0,0.0,0.0,0.0,0.12355848434925865,0.1344688480502017,0.02907822041291073,0.0,0.19521717911176184,0.18339009693476552,0.1997602876548142,0.2528445006321112,0.0,0.0,0.0,0.0,0.2127659574468085,0.2242870874719641,0.13143483023001096,0.8444444444444444,0.0,0.0,0.0,0.16133369185264856,0.25010421008753647,0.13636363636363635,0.2727582679849983,0.8968609865470851,0.5106926268751996,0.10041420861051839,0.15943877551020408,0.0,0.03125,0.2746309646412633,0.0,0.20927799093128704,0.0
SV Samson,0.15934844192634562,0.4482758620689655,0.09287925696594428,0.7227332457293035,0.9879253567508234,0.055248618784530384,0.08594757198109154,0.14919806042521447,0.0,0.32573289902280134,0.0,0.0,0.12775471095496646,0.048407396650208157,0.0,0.0,0.0,0.37067545304777594,0.0,0.43617330619366096,0.24109295472810074,0.2440214738897023,0.3143830233167409,0.03995205753096284,0.5899705014749262,0.3437607425232039,0.5257228689447991,0.06101281269066504,0.3673094582185491,0.11347517730496454,0.0,0.02190580503833516,0.10370370370370371,0.0,0.0,0.12336975678533661,0.0,0.041684035014589414,0.0,0.34094783498124787,0.04484304932735426,0.8298755186721992,0.251035521526296,0.7653061224489796,0.6333739342265531,0.0,0.0,0.44036697247706424,0.4185559818625741,0.12815036309269542
RV Uthappa,0.03541076487252125,0.0,0.0,0.09855453350854139,0.036589828027808274,0.16574585635359115,0.23635582294800173,0.03729951510630362,0.0,0.22801302931596093,0.0,0.0,0.09581603321622485,0.05808887598024978,0.0,0.0,0.0,0.5354200988467874,0.44822949350067237,0.0,0.05357621216180016,0.04880429477794046,0.1047943411055803,0.1997602876548142,0.0,0.13750429700928155,0.0,0.0,0.0,0.28368794326241137,0.7369432874078821,0.30668127053669225,0.014814814814814814,0.4540295119182747,0.0,0.21149101163200562,0.0,0.08336807002917883,0.0,0.0,0.23916292974588937,0.2553463134375998,0.0,0.15943877551020408,0.0,0.0234375,0.0,0.14678899082568808,0.034879665155214505,0.42716787697565145
R Tewatia,0.0,0.0,0.43343653250774,0.0,0.10976948408342481,0.38674033149171266,0.8165019338203696,0.07459903021260723,0.4091374019774975,0.03257328990228013,0.0,0.5649717514124294,0.09581603321622485,0.05808887598024978,0.3896103896103896,0.12277470841006753,0.0,0.4530477759472817,0.22411474675033619,0.46525152660657165,0.0,0.5856515373352855,0.05239717055279015,0.0,0.0,0.13750429700928155,0.0,0.0,0.030609121518212427,0.425531914893617,0.0,0.5038335158817087,0.13333333333333333,0.0,0.0,0.035248501938667604,0.0,0.08336807002917883,0.0,1.0228435049437437,0.13452914798206278,0.2234280242578998,0.050207104305259195,0.0,0.0730816077953715,0.0,0.0,0.0,0.0,0.17086715079026057
R Parag,0.0,0.10344827586206896,0.0,0.0,0.0,0.0,0.0,0.0,0.0,0.03257328990228013,0.0,0.0,0.0,0.02904443799012489,0.0,0.0,0.0,0.6177924217462932,0.8068130883012102,0.5815644082582145,0.0,0.19521717911176184,0.13099292638197538,0.0,0.0,0.0,0.0,0.0,0.0,0.0425531914893617,0.06408202499198974,0.0,0.13333333333333333,0.340522133938706,0.09876543209876543,0.0,0.0,0.0,0.0,0.0,0.0,0.0,0.0,0.0,0.0,0.0,0.0,0.0,0.0,0.0
TK Curran,0.03541076487252125,0.27586206896551724,0.061919504643962855,0.0,0.0,0.0,0.0,0.0,0.0,0.0,0.0,1.089588377723971,0.0,0.14522218995062447,0.04329004329004329,0.5064456721915286,0.29126213592233013,0.0,0.0,0.0,0.0,0.0,0.0,0.0,0.0,0.034376074252320386,0.11265490048817124,0.09151921903599755,0.12243648607284971,0.0,0.0,0.0,0.0,0.0,0.0,0.0,0.0,0.0,0.0,0.0,0.0,0.0,0.0,0.12755102040816327,0.0,0.0,0.0,0.0,0.0,0.0
JC Archer,0.0,0.034482758620689655,1.6099071207430342,0.0,0.0,0.018416206261510127,0.04297378599054577,0.0,0.0,0.03257328990228013,0.0,0.04035512510088781,0.0,0.08713331397037467,0.010822510822510822,0.16114180478821363,0.0,0.0,0.0,0.319860424542018,0.0,0.0,0.0,0.31961646024770274,0.2528445006321112,0.0,0.0,0.0,0.12243648607284971,0.2553191489361702,0.0,0.13143483023001096,0.044444444444444446,0.0,0.0,0.17624250969333802,0.0,0.041684035014589414,0.0,0.0,0.38863976083707025,0.0,0.0,0.0,0.0,0.0,0.0,0.0,0.0,0.0
JC Buttler,0.0,0.1724137931034483,0.0,0.2628120893561104,0.8415660446395903,0.7734806629834253,0.3867640739149119,0.01864975755315181,0.0,0.0,0.0,0.7667473769168685,0.415202810603641,0.07261109497531223,0.23809523809523808,0.1841620626151013,0.0,0.12355848434925865,0.02241147467503362,0.34893864495492877,0.0,0.29282576866764276,0.0,0.3995205753096284,0.21070375052675938,0.10312822275696115,0.7134810364250845,0.5796217205613179,0.33670033670033667,0.48226950354609927,0.2242870874719641,0.03285870755750274,0.17777777777777778,0.0,0.0,0.0,0.08066684592632428,0.0,0.6818181818181818,0.017047391749062394,0.2092675635276532,0.03191828917969997,0.0,0.0,0.0,0.140625,0.8582217645039478,0.0,0.5929543076386466,0.08543357539513029
MK Lomror,0.0,0.0,0.0,0.0,0.0,0.0,0.0,0.0,0.0,0.0,0.03286230693394676,0.0,0.0,0.0,0.0,0.0,0.0,0.0,0.0,0.0,0.0,0.0,0.0,0.07990411506192568,0.0,0.2750085940185631,0.01877581674802854,0.0,0.0,0.0851063829787234,0.16020506247997437,0.15334063526834613,0.37777777777777777,0.7377979568671963,0.09876543209876543,0.0,0.0,0.0,0.0,0.0,0.0,0.0,0.0,0.0,0.0,0.0,0.0,0.0,0.0,0.0
AJ Tye,0.0,0.0,0.0,0.0,0.0,0.0,0.0,0.0,0.0,0.0,0.1971738416036806,0.0,0.0,0.0,0.0,0.0,0.0,0.0,0.0,0.0,0.0,0.0,0.0,0.0,0.0,0.0,0.0,0.0,0.0,0.0,0.0,0.0,0.0,0.0,0.0,0.0,0.0,0.0,0.0,0.0,0.0,0.0,0.0,0.0,0.0,0.0,0.0,0.0,0.0,0.0
S Gopal,0.0,0.0,0.0,0.0,0.0,0.055248618784530384,0.04297378599054577,0.0,0.017047391749062394,0.0,0.0,0.2824858757062147,0.06387735547748323,0.08713331397037467,0.06493506493506493,0.27624309392265195,0.0,0.0,0.0,0.0,0.0,0.0,0.0,0.0,0.02107037505267594,0.0,0.0,0.0,0.0,0.0,0.0,0.0,0.0,0.0,0.0,0.0,0.0,0.0,0.0,0.0,0.0,0.0,0.0,0.0,0.0,0.0,0.0,0.0,0.0,0.10679196924391286
Kartik Tyagi,0.0,0.0,0.0,0.0,0.0,0.055248618784530384,0.0,0.0,0.03409478349812479,0.0,0.0,0.0,0.0,0.014522218995062446,0.021645021645021644,0.0,0.0,0.0,0.0,0.0,0.0,0.0,0.0,0.0,0.0,0.0,0.0,0.0,0.0,0.0,0.0,0.0,0.0,0.0,0.0,0.0,0.0,0.0,0.0,0.0,0.0,0.0,0.0,0.0,0.0,0.0,0.0,0.0,0.0,0.0
VR Aaron,0.0,0.0,0.0,0.0,0.0,0.027624309392265192,0.0,0.0,0.0,0.0,0.0,0.0,0.0,0.0,0.0,0.0,0.0,0.0,0.0,0.0,0.0,0.0,0.0,0.0,0.0,0.0,0.0,0.0,0.0,0.0,0.0,0.0,0.0,0.0,0.0,0.0,0.0,0.0,0.0,0.0,0.0,0.0,0.0,0.0,0.0,0.0,0.0,0.0,0.0,0.0
JD Unadkat,0.0,0.0,0.0,0.0,0.0,0.0,0.0,0.0,0.0,0.0,0.0,0.0,0.0,0.0,0.0,0.23020257826887663,0.06472491909385114,0.0,0.0,0.0,0.0,0.0,0.0,0.0,0.0,0.0,0.0,0.0,0.0,0.0,0.0,0.0,0.0,0.0,0.0,0.0,0.0,0.0,0.0,0.0,0.0,0.0,0.0,0.0,0.0,0.0,0.0,0.0,0.0,0.0
AS Rajpoot,0.0,0.0,0.0,0.0,0.0,0.0,0.0,0.0,0.0,0.0,0.0,0.0,0.0,0.0,0.0,0.0,0.22653721682847897,0.0,0.0,0.0,0.0,0.0,0.0,0.03995205753096284,0.04214075010535188,0.0,0.0,0.0,0.0,0.0,0.0,0.0,0.0,0.0,0.0,0.0,0.0,0.0,0.0,0.0,0.0,0.0,0.0,0.0,0.0,0.0,0.0,0.0,0.0,0.0
BA Stokes,0.24787535410764874,0.0,0.0,0.0,0.0,0.6077348066298343,0.1289213579716373,0.3729951510630362,0.0,0.26058631921824105,0.0,0.0,0.1756627275630789,0.20331106593087425,0.0,0.0,0.0,0.37067545304777594,0.0,0.05815644082582146,0.0,0.1708150317227916,0.13099292638197538,1.3184178985217738,0.5056890012642224,0.6875214850464078,0.7885843034171987,0.5491153142159854,0.09182736455463728,0.14184397163120568,0.03204101249599487,0.13143483023001096,0.0,0.0,0.0,0.42298202326401124,0.0,0.06252605252188412,0.0,0.0,0.2989536621823617,0.0,0.0,0.5102040816326531,0.0,0.078125,0.0,0.6605504587155964,0.10463899546564352,0.19222554463904315
