,RG Sharma,Q de Kock,AS Yadav,SS Tiwary,HH Pandya,KA Pollard,KH Pandya,JL Pattinson,RD Chahar,TA Boult,JJ Bumrah,Ishan Kishan,NM Coulter-Nile,SA Yadav,DS Kulkarni,degree_centrality,closeness_centrality,Betweness_centrality,Eigen_centrality
RG Sharma,0.0,0.4006024096385542,0.425531914893617,0.5333333333333333,0.5,0.7073170731707317,0.0,0.0,0.0,0.0,0.0,0.49056603773584906,0.0,0.5777777777777777,0.0,3.635128546549863,0.07360406298702345,0.17582417582417584,0.3127417220606347
Q de Kock,0.5993975903614458,0.0,0.4766355140186916,0.0,0.5,0.6666666666666666,0.3584905660377358,0.0,0.0,0.0,0.0,0.47928994082840237,0.0,0.47674418604651164,0.0,3.5572244639594537,0.07481319702924717,0.0,0.31594613138065597
AS Yadav,0.574468085106383,0.5233644859813084,0.0,0.3855421686746988,0.5433070866141733,0.5,0.639344262295082,0.0,0.0,0.0,0.0,0.5827338129496403,0.0,0.0,0.0,3.7487599016212854,0.07749373963299452,0.0,0.32373935130800785
SS Tiwary,0.4666666666666667,0.0,0.6144578313253012,0.0,0.47619047619047616,0.0,0.0,0.0,0.0,0.0,0.0,1.0,0.0,0.0,0.0,2.557314974182444,0.060227946945866875,0.0,0.3666754691693227
HH Pandya,0.5,0.5,0.4566929133858268,0.5238095238095238,0.0,0.4065040650406504,0.9,0.0,0.0,0.0,0.0,0.5354330708661418,0.0,0.0,0.0,3.8224395731021428,0.0807530168193652,0.06593406593406594,0.30722719841679985
KA Pollard,0.2926829268292683,0.3333333333333333,0.5,1.0,0.5934959349593496,0.0,0.3898305084745763,0.7674418604651163,0.0,0.0,0.0,0.49171270718232046,0.5689655172413793,1.0,0.0,5.937462788485344,0.10215669757205563,0.4835164835164836,0.4240265874774736
KH Pandya,0.0,0.6415094339622641,0.36065573770491804,0.0,0.1,0.6101694915254238,0.0,0.0,0.0,0.0,0.0,0.35,0.0,0.0,0.0,2.062334663192606,0.08217294645437571,0.0,0.23957756757363471
JL Pattinson,0.0,0.0,0.0,0.0,0.0,0.23255813953488372,0.0,0.0,0.8,0.0,0.0,0.0,0.0,0.0,0.25,1.2825581395348837,0.1105620190556854,0.3516483516483517,0.02840886087759717
RD Chahar,0.0,0.0,0.0,0.0,0.0,0.0,0.0,0.2,0.0,0.0,0.16666666666666666,0.0,0.0,0.0,0.0,0.3666666666666667,0.10157752596645898,0.13186813186813187,0.0016499696580940997
TA Boult,0.0,0.0,0.0,0.0,0.0,0.0,0.0,0.0,0.0,0.0,0.0,0.0,0.0,0.0,0.0,0.0,0.0,0.0,1.5480670471880237e-10
JJ Bumrah,0.0,0.0,0.0,0.0,0.0,0.0,0.0,0.0,0.8333333333333334,0.0,0.0,0.0,0.0,0.0,0.0,0.8333333333333334,0.0487534617163521,0.0,0.00037903642515635383
Ishan Kishan,0.5094339622641509,0.5207100591715976,0.4172661870503597,0.0,0.4645669291338583,0.5082872928176796,0.65,0.0,0.0,0.0,0.0,0.0,0.0,0.49056603773584906,0.0,3.5608304681734952,0.07961482403064721,0.01098901098901099,0.403964810913509
NM Coulter-Nile,0.0,0.0,0.0,0.0,0.0,0.43103448275862066,0.0,0.0,0.0,0.0,0.0,0.0,0.0,0.0,0.0,0.43103448275862066,0.06746106046363125,0.0,0.05024583876587941
SA Yadav,0.4222222222222222,0.5232558139534884,0.0,0.0,0.0,0.0,0.0,0.0,0.0,0.0,0.0,0.5094339622641509,0.0,0.0,0.0,1.4549119984398615,0.059439188464676815,0.0,0.25489531148182587
DS Kulkarni,0.0,0.0,0.0,0.0,0.0,0.0,0.0,0.75,0.0,0.0,0.0,0.0,0.0,0.0,0.0,0.75,0.05392377031013825,0.0,0.005858226950965205
,M Vijay,SR Watson,F du Plessis,AT Rayudu,RA Jadeja,S Curran,MS Dhoni,KM Jadhav,RD Gaikwad,Jagadeesan,DJ Bravo,DL Chahar,SN Thakur,Imran Tahir,degree_centrality,closeness_centrality,Betweness_centrality,Eigen_centrality
M Vijay,0.0,0.3780487804878049,0.08333333333333333,0.0,0.0,0.0,0.0,0.0,0.0,0.0,0.0,0.0,0.0,0.0,0.4613821138211382,0.12346391387250323,0.0,0.18695982844020725
SR Watson,0.6219512195121951,0.0,0.46405228758169936,0.5228758169934641,0.0,0.2702702702702703,0.3333333333333333,0.0,0.2857142857142857,0.0,0.0,0.0,0.0,0.0,2.498197213405248,0.11903719854370186,0.10256410256410256,0.3741545625490683
F du Plessis,0.9166666666666666,0.5359477124183006,0.0,0.40522875816993464,0.23076923076923078,0.2549019607843137,0.7717391304347826,0.4842105263157895,0.5864661654135338,0.0,0.0,0.0,0.0,0.0,4.185930150972553,0.12107940873225886,0.038461538461538464,0.41958931800249377
AT Rayudu,0.0,0.477124183006536,0.5947712418300654,0.0,0.37037037037037035,0.46153846153846156,0.6052631578947368,0.0,0.5323383084577115,0.45901639344262296,0.0,0.0,0.0,0.0,3.5004221165405047,0.10305236055240473,0.15384615384615385,0.3462125021291304
RA Jadeja,0.0,0.0,0.7692307692307693,0.6296296296296297,0.0,0.8285714285714286,0.5223880597014925,0.7555555555555555,0.0,0.0,0.2222222222222222,0.8571428571428571,1.0,0.0,5.584740522053955,0.08346444630022387,0.34615384615384615,0.30933293160127995
S Curran,0.0,0.7297297297297297,0.7450980392156863,0.5384615384615384,0.17142857142857143,0.0,0.4520547945205479,0.0,0.4444444444444444,0.0,0.0,1.0,0.6071428571428571,0.675,5.363359974943375,0.11438793231721968,0.3333333333333333,0.41922169908261775
MS Dhoni,0.0,0.6666666666666666,0.22826086956521738,0.39473684210526316,0.47761194029850745,0.547945205479452,0.0,0.6666666666666666,0.5263157894736842,0.0,0.0,0.0,0.0,0.0,3.508203980255457,0.10405595837294988,0.10256410256410256,0.3151797868565602
KM Jadhav,0.0,0.0,0.5157894736842106,0.0,0.24444444444444444,0.0,0.3333333333333333,0.0,0.0,0.0,0.0,0.0,0.0,0.0,1.0935672514619883,0.08826195020858787,0.0,0.12026180256999071
RD Gaikwad,0.0,0.7142857142857143,0.41353383458646614,0.46766169154228854,0.0,0.5555555555555556,0.47368421052631576,0.0,0.0,0.0,0.0,0.0,0.0,0.0,2.6247210064963404,0.09080350002450527,0.0,0.298271988115895
Jagadeesan,0.0,0.0,0.0,0.5409836065573771,0.0,0.0,0.0,0.0,0.0,0.0,0.0,0.0,0.0,0.0,0.5409836065573771,0.06143421097404967,0.0,0.05672307625529756
DJ Bravo,0.0,0.0,0.0,0.0,0.7777777777777778,0.0,0.0,0.0,0.0,0.0,0.0,0.0,0.0,0.0,0.7777777777777778,0.04572465704816364,0.0,0.07286554534173498
DL Chahar,0.0,0.0,0.0,0.0,0.14285714285714285,0.0,0.0,0.0,0.0,0.0,0.0,0.0,0.8333333333333334,0.0,0.9761904761904763,0.07891647314959242,0.0641025641025641,0.1479697103265482
SN Thakur,0.0,0.0,0.0,0.0,0.0,0.39285714285714285,0.0,0.0,0.0,0.0,0.0,0.16666666666666666,0.0,0.0,0.5595238095238095,0.08732179202369142,0.0,0.1510313428033591
Imran Tahir,0.0,0.0,0.0,0.0,0.0,0.325,0.0,0.0,0.0,0.0,0.0,0.0,0.0,0.0,0.325,0.0813525285763832,0.0,0.04126285315382235
,P Shaw,S Dhawan,S Hetmyer,SS Iyer,RR Pant,AR Patel,MP Stoinis,R Ashwin,K Rabada,Anrich Nortje,HV Patel,AM Rahane,Carey,Deshpande,Praveen Dubey,SV Samson,degree_centrality,closeness_centrality,Betweness_centrality,Eigen_centrality
P Shaw,0.0,0.5836298932384342,0.0,0.5181818181818182,0.7777777777777778,0.0,0.0,0.0,0.0,0.0,0.0,0.0,0.0,0.0,0.0,0.0,1.8795894891980303,0.06258541056636212,0.0,0.19218708864841486
S Dhawan,0.41637010676156583,0.0,0.39436619718309857,0.5463414634146342,0.5961538461538461,0.0,0.489247311827957,0.0,0.0,0.0,0.125,0.551948051948052,0.6666666666666666,0.0,0.0,0.0,3.7860936439558204,0.1061256436518565,0.05714285714285715,0.33278086313829314
S Hetmyer,1.0,0.6056338028169014,0.0,0.4888888888888889,0.676923076923077,0.0,0.4827586206896552,1.0,0.0,0.0,0.75,0.45714285714285713,0.0,0.0,0.0,0.0,5.461347246461379,0.0784842140993189,0.01904761904761905,0.33566441399678587
SS Iyer,0.4818181818181818,0.45365853658536587,0.5111111111111111,0.0,0.4786729857819905,0.0,0.7560975609756098,0.0,0.0,0.0,0.18181818181818182,0.28,0.0,0.0,0.0,0.0,3.143176558090441,0.09960402217799566,0.009523809523809525,0.3702888002759875
RR Pant,0.2222222222222222,0.40384615384615385,0.3230769230769231,0.5213270142180095,0.0,0.0,0.3236994219653179,0.0,0.8421052631578947,0.0,0.75,1.0,0.0,0.0,0.0,0.0,4.3862769984865215,0.08980382786583294,0.2666666666666667,0.3042579695925817
AR Patel,0.0,0.0,0.0,1.0,0.0,0.0,0.375,0.0,0.18181818181818182,0.0,0.68,0.0,0.0,0.0,0.0,0.0,2.2368181818181823,0.10926241972858314,0.0,0.2222525371059656
MP Stoinis,0.0,0.510752688172043,0.5172413793103449,0.24390243902439024,0.6763005780346821,0.625,0.0,0.8666666666666667,0.0,1.0,0.5529411764705883,0.45454545454545453,0.3157894736842105,0.0,0.0,0.0,5.76313985590838,0.1009377741803169,0.17142857142857143,0.3790432468691419
R Ashwin,0.0,0.0,0.0,0.0,0.0,0.0,0.13333333333333333,0.0,0.5714285714285714,0.0,0.0,0.0,0.0,0.36,0.7058823529411765,0.0,1.7706442577030812,0.1173896269293339,0.1619047619047619,0.13251925190095618
K Rabada,0.0,0.0,0.0,0.0,0.15789473684210525,0.8181818181818182,0.0,0.42857142857142855,0.0,0.6666666666666666,0.5483870967741935,0.0,0.0,0.0,0.8571428571428571,0.0,3.4768446041790693,0.11651501676614949,0.21904761904761907,0.13907582578024894
Anrich Nortje,0.0,0.0,0.0,0.0,0.0,0.0,0.0,0.0,0.3333333333333333,0.0,0.0,0.0,0.0,0.16666666666666666,0.0,0.0,0.5,0.0860041447247239,0.0,0.22290916295518337
HV Patel,0.0,0.875,0.25,0.8181818181818182,0.25,0.32,0.4470588235294118,0.0,0.45161290322580644,1.0,0.0,0.0,0.75,0.0,0.0,0.0,5.161853544937037,0.10696959335773182,0.14285714285714288,0.3498094855771487
AM Rahane,0.0,0.44805194805194803,0.5428571428571428,0.72,0.0,0.0,0.5454545454545454,0.0,0.0,0.0,0.0,0.0,0.0,0.0,0.0,0.0,2.2563636363636363,0.07221595705053117,0.0,0.29590280447898604
Carey,0.0,0.3333333333333333,0.0,0.0,0.0,0.0,0.6842105263157895,0.0,0.0,0.0,0.25,0.0,0.0,0.0,0.0,0.0,1.2675438596491229,0.08785846971502077,0.01904761904761905,0.12213724237432394
Deshpande,0.0,0.0,0.0,0.0,0.0,0.0,0.0,0.64,0.0,0.8333333333333334,0.0,0.0,0.0,0.0,0.0,0.0,1.4733333333333334,0.062153817095692614,0.0,0.07219839784390812
Praveen Dubey,0.0,0.0,0.0,0.0,0.0,0.0,0.0,0.29411764705882354,0.14285714285714285,0.0,0.0,0.0,0.0,0.0,0.0,0.0,0.4369747899159664,0.11863671859867998,0.0,0.015701829506939487
SV Samson,0.0,0.0,0.0,0.0,0.0,0.0,0.0,0.0,0.0,0.0,0.0,0.0,0.0,0.0,0.0,0.0,0.0,0.0,0.0,9.067169156899776e-13
,KL Rahul,MA Agarwal,KK Nair,N Pooran,GJ Maxwell,SN Khan,K Gowtham,CJ Jordan,JDS Neesham,Ravi Bishnoi,Mohammed Shami,Mandeep Singh,Simran Singh,Mujeeb Ur Rahman,Cottrell,Arshdeep Singh,Prabhsimran Singh,CH Gayle,DJ Hooda,M Ashwin,degree_centrality,closeness_centrality,Betweness_centrality,Eigen_centrality
KL Rahul,0.0,0.4758942457231726,0.8076923076923077,0.39436619718309857,0.4473684210526316,0.0,0.0,0.0,0.0,0.0,0.0,0.4805194805194805,0.45,0.0,0.0,0.0,0.2,0.37216828478964403,0.6585365853658537,0.0,4.286545522326189,0.058084165221561325,0.23976608187134502,0.36663854967303733
MA Agarwal,0.5241057542768274,0.0,0.6666666666666666,0.2,0.0,0.4,0.5555555555555556,0.9107142857142857,0.0,0.0,0.0,0.0,0.0,0.0,0.0,0.0,0.0,0.25,0.0,0.0,3.5070422622133353,0.061541744263911076,0.30994152046783624,0.4059773325364632
KK Nair,0.19230769230769232,0.3333333333333333,0.0,0.0,0.0,0.0,0.0,0.0,0.0,0.0,0.0,0.0,0.0,0.0,0.0,0.0,0.0,0.0,0.0,0.0,0.5256410256410257,0.056697282046727276,0.0,0.06127077495500941
N Pooran,0.6056338028169014,0.8,0.0,0.0,0.7255813953488373,0.0,0.0,0.7741935483870968,0.0,0.0,0.0,0.4166666666666667,0.0,0.9090909090909091,0.0,0.0,0.0,0.6122448979591837,1.0,0.0,5.843411220269595,0.04664049216868626,0.28654970760233917,0.3715839923128956
GJ Maxwell,0.5526315789473685,1.0,0.0,0.2744186046511628,0.0,0.44,0.0,0.0,0.3333333333333333,0.0,0.0,0.0,0.0,0.0,0.0,1.0,0.0,0.11764705882352941,0.6956521739130435,0.0,4.413682749668437,0.05581517704256477,0.22807017543859648,0.4337445696117506
SN Khan,0.0,0.6,0.0,0.0,0.56,0.0,0.6666666666666666,0.0,0.25,0.0,0.0,0.0,0.0,0.0,0.0,0.0,0.0,0.0,0.0,0.0,2.0766666666666667,0.0483831240564147,0.0935672514619883,0.19024986719399428
K Gowtham,0.0,0.4444444444444444,0.0,0.0,0.0,0.3333333333333333,0.0,0.0,0.0,0.6666666666666666,0.8947368421052632,0.0,0.0,0.0,0.0,0.0,0.0,0.0,0.0,0.0,2.339181286549708,0.0542457112551195,0.29239766081871343,0.07345315611176377
CJ Jordan,0.0,0.08928571428571429,0.0,0.22580645161290322,0.0,0.0,0.0,0.0,0.0,0.0,0.0,0.0,0.0,0.0,0.0,0.0,0.0,0.0,0.26666666666666666,0.0,0.5817588325652842,0.06619538500632384,0.2573099415204678,0.10736432965573316
JDS Neesham,0.0,0.0,0.0,0.0,0.6666666666666666,0.75,0.0,0.0,0.0,0.0,0.0,0.0,0.0,0.0,0.0,0.0,0.0,0.0,0.5,0.0,1.9166666666666665,0.04061354598484155,0.0,0.17087890253670432
Ravi Bishnoi,0.0,0.0,0.0,0.0,0.0,0.0,0.3333333333333333,0.0,0.0,0.0,0.0,0.0,0.0,0.0,1.0,0.0,0.0,0.0,0.0,0.0,1.3333333333333333,0.04392135012277438,0.10526315789473684,0.007997217794167347
Mohammed Shami,0.0,0.0,0.0,0.0,0.0,0.0,0.10526315789473684,0.0,0.0,0.0,0.0,0.0,0.0,0.0,0.0,0.0,0.0,0.0,0.0,0.0,0.10526315789473684,0.05145452400326855,0.0,0.002301566525537764
Mandeep Singh,0.5194805194805194,0.0,0.0,0.5833333333333334,0.0,0.0,0.0,0.0,0.0,0.0,0.0,0.0,0.0,0.0,0.0,0.0,0.0,0.48514851485148514,0.3055555555555556,0.0,1.8935179232208934,0.04557179579220863,0.0,0.23392824695133285
Simran Singh,0.55,0.0,0.0,0.0,0.0,0.0,0.0,0.0,0.0,0.0,0.0,0.0,0.0,0.0,0.0,0.0,0.0,0.0,0.0,0.0,0.55,0.03750038038151914,0.0,0.0600260492363002
Mujeeb Ur Rahman,0.0,0.0,0.0,0.09090909090909091,0.0,0.0,0.0,0.0,0.0,0.0,0.0,0.0,0.0,0.0,0.0,0.0,0.0,0.0,0.0,0.0,0.09090909090909091,0.04511033350922174,0.0,0.010055531642746043
Cottrell,0.0,0.0,0.0,0.0,0.0,0.0,0.0,0.0,0.0,0.0,0.0,0.0,0.0,0.0,0.0,0.0,0.0,0.0,0.0,0.0,0.0,0.0,0.0,0.002380774714542121
Arshdeep Singh,0.0,0.0,0.0,0.0,0.0,0.0,0.0,0.0,0.0,0.0,0.0,0.0,0.0,0.0,0.0,0.0,0.0,0.0,0.0,0.0,0.0,0.0,0.0,0.1291132945183122
Prabhsimran Singh,0.8,0.0,0.0,0.0,0.0,0.0,0.0,0.0,0.0,0.0,0.0,0.0,0.0,0.0,0.0,0.0,0.0,0.0,0.0,0.0,0.8,0.031830512780697984,0.0,0.0873106170705665
CH Gayle,0.627831715210356,0.75,0.0,0.3877551020408163,0.8823529411764706,0.0,0.0,0.0,0.0,0.0,0.0,0.5148514851485149,0.0,0.0,0.0,0.0,0.0,0.0,0.0,0.0,3.1627912435761574,0.04451833566878423,0.0,0.351821254088886
DJ Hooda,0.34146341463414637,0.0,0.0,0.0,0.30434782608695654,0.0,0.0,0.7333333333333333,0.5,0.0,0.0,0.6944444444444444,0.0,0.0,0.0,0.0,0.0,0.0,0.0,0.0,2.5735890184988808,0.05227373339056898,0.029239766081871343,0.2844006859897247
M Ashwin,0.0,0.0,0.0,0.0,0.0,0.0,0.0,1.0,0.0,0.0,0.0,0.0,0.0,0.0,0.0,0.0,0.0,0.0,0.0,0.0,1.0,0.029319672202257976,0.0,0.03196032308888176
,D Padikkal,AJ Finch,AB de Villiers,V Kohli,S Dube,Philippe,Washington Sundar,UT Yadav,N Saini,DW Steyn,YS Chahal,M Ali,I Udana,Mohammed Siraj,CH Morris,Gurkeerat Singh,Shahbaz Ahmed,degree_centrality,closeness_centrality,Betweness_centrality,Eigen_centrality
D Padikkal,0.0,0.5049751243781094,0.43902439024390244,0.4892966360856269,0.3333333333333333,0.5092592592592593,0.0,0.0,0.0,0.0,0.0,0.0,0.0,0.0,0.0,0.0,0.0,2.2758887433002313,0.06669202956229207,0.0,0.26120821919655346
AJ Finch,0.49502487562189057,0.0,0.5783132530120482,0.35185185185185186,0.0,0.0,0.0,0.0,0.0,0.0,0.0,0.0,0.0,0.0,0.0,0.0,0.0,1.4251899804857906,0.06015857283516488,0.0,0.15078757425490893
AB de Villiers,0.5609756097560976,0.42168674698795183,0.0,0.5494505494505495,0.63125,0.5714285714285714,1.0,0.0,0.5,0.0,0.0,0.0,0.0,0.0,0.0,0.7432432432432432,0.0,4.978034720866414,0.073897990379308,0.19166666666666665,0.4293074451874546
V Kohli,0.5107033639143731,0.6481481481481481,0.45054945054945056,0.0,0.5660377358490566,0.5384615384615384,0.5671641791044776,0.0,0.0,0.0,0.0,0.6470588235294118,0.0,0.0,0.6,0.46153846153846156,0.0,4.989661701094918,0.07442663342674852,0.23333333333333334,0.3135974877673415
S Dube,0.6666666666666666,0.0,0.36875,0.4339622641509434,0.0,0.0,0.43137254901960786,0.0,0.0,0.0,0.0,0.0,0.5,0.0,0.0,0.0,0.0,2.4007514798372176,0.07030839611819358,0.08333333333333333,0.35361256415785286
Philippe,0.49074074074074076,0.0,0.42857142857142855,0.46153846153846156,1.0,0.0,1.0,0.0,0.0,0.0,0.0,0.0,0.0,0.0,0.0,0.0,0.0,3.380850630850631,0.060205303957923735,0.0,0.3633819594003931
Washington Sundar,0.0,0.0,0.0,0.43283582089552236,0.5686274509803921,0.0,0.0,1.0,0.9230769230769231,0.0,0.0,0.0,0.0,0.0,0.0,0.6101694915254238,0.0,3.5347096864782612,0.06439507443830031,0.39166666666666666,0.42718682148910336
UT Yadav,0.0,0.0,0.0,0.0,0.0,0.0,0.0,0.0,0.0,0.0,0.0,0.0,0.0,0.0,0.0,0.0,0.0,0.0,0.0,0.0,0.12541848772351935
N Saini,0.0,0.0,0.5,0.0,0.0,0.0,0.07692307692307693,0.0,0.0,1.0,1.0,0.0,1.0,0.4230769230769231,0.0,0.0,0.0,4.0,0.08216743580904075,0.31666666666666665,0.19832988008753513
DW Steyn,0.0,0.0,0.0,0.0,0.0,0.0,0.0,0.0,0.0,0.0,0.5,0.0,0.0,0.0,0.0,0.0,0.0,0.5,2.0,0.0,0.068248189390444
YS Chahal,0.0,0.0,0.0,0.0,0.0,0.0,0.0,0.0,0.0,0.5,0.0,0.0,0.0,0.0,0.0,0.0,0.0,0.5,2.0,0.0,0.068248189390444
M Ali,0.0,0.0,0.0,0.35294117647058826,0.0,0.0,0.0,0.0,0.0,0.0,0.0,0.0,0.0,0.0,0.0,0.0,0.0,0.35294117647058826,0.05530022442612366,0.0,0.032495164353355505
I Udana,0.0,0.0,1.0,0.0,0.5,0.0,0.0,0.0,0.0,0.0,0.0,0.0,0.0,0.0,0.2857142857142857,0.0,0.0,1.7857142857142856,0.05387547504195966,0.0,0.25921454930709725
Mohammed Siraj,0.0,0.0,0.0,0.0,0.0,0.0,0.0,0.0,0.5769230769230769,0.0,0.0,0.0,0.0,0.0,0.0,0.5,0.0,1.0769230769230769,0.0569488251977258,0.0,0.055977940337638706
CH Morris,0.0,0.0,0.0,0.4,0.0,0.0,0.0,0.0,0.0,0.0,0.0,0.0,0.7142857142857143,0.0,0.0,0.5833333333333334,0.0,1.6976190476190478,0.05718844218271901,0.0,0.10984133607504946
Gurkeerat Singh,0.0,0.0,0.25675675675675674,0.5384615384615384,0.0,0.0,0.3898305084745763,0.0,0.0,0.0,0.0,0.0,0.0,0.5,0.4166666666666667,0.0,0.0,2.1017154703595384,0.0752408254888492,0.125,0.15248442241675841
Shahbaz Ahmed,0.0,0.0,0.0,0.0,0.0,0.0,1.0,0.0,0.0,0.0,0.0,0.0,0.0,0.0,0.0,0.0,0.0,1.0,0.03171669326180725,0.0,0.12541848772351935
,DA Warner,J Bairstow,MK Pandey,Priyam Garg,V Shankar,Abhishek Sharma,Rashid Khan,P Kumar,Sandeep Sharma,T Natarajan,WP Saha,Mohammad Nabi,KS Williamson,Abdul Samad,S Nadeem,JO Holder,K Ahmed,SP Goswami,degree_centrality,closeness_centrality,Betweness_centrality,Eigen_centrality
DA Warner,0.0,0.4889867841409692,0.4666666666666667,0.3333333333333333,0.6818181818181818,0.5555555555555556,0.9333333333333333,0.0,0.0,0.0,0.6221374045801527,0.0,0.7209302325581395,0.3783783783783784,0.0,0.0,0.0,1.0,6.18113987036471,0.07042310915191094,0.4264705882352941,0.3458444987543276
J Bairstow,0.5110132158590308,0.0,0.54,0.65,0.0,0.0,0.0,0.0,0.0,0.0,0.0,0.0,0.375886524822695,0.0,0.0,0.0,0.0,0.0,2.076899740681726,0.05824501969590061,0.0,0.18110161311853976
MK Pandey,0.5333333333333333,0.46,0.0,0.7,0.49760765550239233,0.0,0.0,0.0,0.0,0.0,0.4268292682926829,0.0,0.7435897435897436,0.2631578947368421,0.0,0.0,0.0,0.0,3.624517895454994,0.06665288095781277,0.007352941176470588,0.3128416683977221
Priyam Garg,0.6666666666666666,0.35,0.3,0.0,0.0,0.5194805194805194,0.0,0.0,1.0,0.0,0.0,0.0,0.45121951219512196,0.5294117647058824,0.0,0.18181818181818182,0.0,0.0,3.998596644866372,0.0705619897848511,0.014705882352941176,0.3656065351009702
V Shankar,0.3181818181818182,0.0,0.5023923444976076,0.0,0.0,0.0,0.0,0.0,0.0,0.0,0.0,0.0,0.6666666666666666,0.0,0.0,0.0,0.0,0.0,1.4872408293460926,0.05658180575698935,0.0,0.10439349338582134
Abhishek Sharma,0.4444444444444444,0.0,0.0,0.4805194805194805,0.0,0.0,0.0,0.0,0.0,0.0,0.0,1.0,0.4827586206896552,0.23076923076923078,0.0,0.038461538461538464,0.0,0.0,2.6769533148843494,0.07349204106711435,0.007352941176470588,0.37646387807068055
Rashid Khan,0.06666666666666667,0.0,0.0,0.0,0.0,1.0,0.0,1.0,0.6666666666666666,0.0,0.0,0.0,0.0,0.5789473684210527,0.7368421052631579,0.0,0.0,0.0,4.049122807017544,0.08874486261618902,0.375,0.1907593050693124
P Kumar,0.0,0.0,0.0,0.0,0.0,0.0,0.0,0.0,0.0,0.0,0.0,0.0,0.0,0.0,0.0,0.0,0.0,0.0,0.0,0.0,0.0,0.0529709620176486
Sandeep Sharma,0.0,0.0,0.0,0.0,0.0,0.0,0.3333333333333333,0.0,0.0,0.7272727272727273,0.0,0.0,0.0,0.0,0.0,0.0,0.0,1.0,2.0606060606060606,0.06879980662019299,0.11029411764705882,0.17218403634682503
T Natarajan,0.0,0.0,0.0,0.0,0.0,0.0,0.0,0.0,0.2727272727272727,0.0,0.0,0.0,0.0,0.0,0.0,0.0,0.0,0.0,0.2727272727272727,0.05503187161898134,0.0,0.013040045087552425
WP Saha,0.37786259541984735,0.0,0.573170731707317,0.0,0.0,0.0,0.0,0.0,0.0,0.0,0.0,0.2857142857142857,0.7727272727272727,0.0,0.0,0.0,0.0,0.0,2.009474885568723,0.0559136643411389,0.09558823529411764,0.13261836481143802
Mohammad Nabi,0.0,0.0,0.0,0.0,0.0,0.0,0.0,0.0,0.0,0.0,0.7142857142857143,0.0,0.0,0.0,0.0,0.0,0.0,0.0,0.7142857142857143,0.034450003779235405,0.0,0.13084197902918998
KS Williamson,0.27906976744186046,0.624113475177305,0.2564102564102564,0.5487804878048781,0.3333333333333333,0.5172413793103449,0.0,0.0,0.0,0.0,0.22727272727272727,0.0,0.0,0.4642857142857143,1.0,0.6818181818181818,0.0,0.0,4.932325322854601,0.07579330636525178,0.1838235294117647,0.3261976211515783
Abdul Samad,0.6216216216216216,0.0,0.7368421052631579,0.47058823529411764,0.0,0.7692307692307693,0.42105263157894735,0.0,0.0,0.0,0.0,0.0,0.5357142857142857,0.0,0.0,0.0,0.0,0.0,3.5550496487028997,0.06875566594476935,0.0,0.3227260759112537
S Nadeem,0.0,0.0,0.0,0.0,0.0,0.0,0.2631578947368421,0.0,0.0,0.0,0.0,0.0,0.0,0.0,0.0,0.0,0.0,1.0,1.263157894736842,0.06938605628301517,0.0,0.15653595888685115
JO Holder,0.0,0.0,1.0,0.8181818181818182,0.0,0.9615384615384616,0.0,0.0,0.0,0.0,0.0,0.0,0.3181818181818182,0.0,0.0,0.0,0.0,0.0,3.0979020979020984,0.056874274253512457,0.0,0.2992734594255898
K Ahmed,0.0,0.0,0.0,0.0,0.0,0.0,0.0,0.0,0.0,0.0,0.0,0.0,0.0,0.0,0.0,0.0,0.0,0.0,0.0,0.0,0.0,3.188253629437845e-13
SP Goswami,0.0,0.0,0.0,0.0,0.0,0.0,0.0,0.0,0.0,0.0,0.0,0.0,0.0,0.0,0.0,0.0,0.0,0.0,0.0,0.0,0.0,0.18731763078416694
,YBK Jaiswal,SPD Smith,SV Samson,RV Uthappa,R Tewatia,R Parag,T Curran,J Archer,JC Buttler,S Gopal,JD Unadkat,AS Rajpoot,M Lomror,AJ Tye,Kartik Tyagi,VR Aaron,BA Stokes,degree_centrality,closeness_centrality,Betweness_centrality,Eigen_centrality
YBK Jaiswal,0.0,0.4166666666666667,0.6666666666666666,0.0,0.8333333333333334,0.0,0.0,0.0,0.13333333333333333,0.0,0.0,0.0,0.75,0.0,0.0,0.0,0.0,2.8000000000000003,0.06537127459931147,0.09166666666666666,0.2083559535637951
SPD Smith,0.5833333333333334,0.0,0.4067796610169492,0.6428571428571429,0.4444444444444444,0.13333333333333333,0.5,0.0,0.4405144694533762,0.0,0.0,0.0,0.0,0.0,0.0,0.0,0.2926829268292683,3.4439453112678478,0.0854082889627174,0.041666666666666664,0.36569551146827206
SV Samson,0.3333333333333333,0.5932203389830508,0.0,0.5431034482758621,0.7586206896551724,0.5833333333333334,0.0,0.0,0.5217391304347826,0.0,0.0,0.0,0.0,0.0,0.0,0.0,0.4628099173553719,3.796160191370906,0.060195045328563276,0.06666666666666667,0.2556044952935285
RV Uthappa,0.0,0.35714285714285715,0.45689655172413796,0.0,0.35384615384615387,0.8666666666666667,0.0,0.0,0.14285714285714285,0.0,0.0,0.0,0.4358974358974359,0.0,0.0,0.0,0.42780748663101603,3.0411142947654106,0.08035171657621382,0.016666666666666666,0.3012596438208981
R Tewatia,0.16666666666666666,0.5555555555555556,0.2413793103448276,0.6461538461538462,0.0,0.5647058823529412,0.5,0.45454545454545453,0.5,0.7407407407407407,0.0,0.0,0.1111111111111111,0.14285714285714285,0.9230769230769231,0.0,0.0,5.546792633405209,0.10289293182837199,0.5916666666666667,0.3657544375772731
R Parag,0.0,0.8666666666666667,0.4166666666666667,0.13333333333333333,0.43529411764705883,0.0,0.0,0.0,0.0,0.0,0.0,0.0,0.48484848484848486,0.0,0.0,0.0,0.0,2.3368092691622104,0.07512390119706931,0.058333333333333334,0.3608473721736563
T Curran,0.0,0.5,0.0,0.0,0.5,0.0,0.0,0.38235294117647056,0.16363636363636364,0.6666666666666666,0.47058823529411764,0.7741935483870968,0.0,0.0,0.0,0.0,0.0,3.457437755160715,0.09122094920025597,0.175,0.23708895393756999
J Archer,0.0,0.0,0.0,0.0,0.5454545454545454,1.0,0.6176470588235294,0.0,0.0,0.3181818181818182,0.0,0.9047619047619048,0.0,0.0,0.0,0.0,0.0,3.386045327221798,0.07288763984498013,0.075,0.2008541464207786
JC Buttler,0.8666666666666667,0.5594855305466238,0.4782608695652174,0.8571428571428571,0.5,1.0,0.8363636363636363,0.0,0.0,0.0,0.0,0.0,0.6206896551724138,0.0,0.0,0.0,0.5454545454545454,6.264063760911959,0.0674849456505414,0.008333333333333333,0.43989295790387756
S Gopal,0.0,0.0,0.0,0.0,0.25925925925925924,0.0,0.3333333333333333,0.6818181818181818,0.0,0.0,0.0,0.0,0.0,0.0,0.5,1.0,0.0,2.7744107744107738,0.09625082127602075,0.0,0.09091201140140064
JD Unadkat,0.0,0.0,0.0,0.0,0.0,0.0,0.5294117647058824,0.0,0.0,0.0,0.0,0.0,0.0,0.0,0.0,0.0,0.0,0.5294117647058824,0.052735956863603016,0.0,0.03271675332821229
AS Rajpoot,0.0,0.0,0.0,0.0,0.0,0.0,0.22580645161290322,0.09523809523809523,0.0,0.0,0.0,0.0,0.0,0.0,0.0,0.0,0.0,0.3210445468509985,0.08687668830991771,0.03333333333333333,0.018940544256550798
M Lomror,0.25,0.0,0.0,0.5641025641025641,0.8888888888888888,0.5151515151515151,0.0,0.0,0.3793103448275862,0.0,0.0,0.0,0.0,0.0,0.0,0.0,0.0,2.597453312970554,0.05598317923727991,0.016666666666666666,0.23455952204156202
AJ Tye,0.0,0.0,0.0,0.0,0.8571428571428571,0.0,0.0,0.0,0.0,0.0,0.0,0.0,0.0,0.0,0.0,0.0,0.0,0.8571428571428571,0.04293638660933027,0.0,0.08171589745337891
Kartik Tyagi,0.0,0.0,0.0,0.0,0.07692307692307693,0.0,0.0,0.0,0.0,0.5,0.0,0.0,0.0,0.0,0.0,0.5,0.0,1.0769230769230769,0.1148254719817831,0.125,0.022655853186500218
VR Aaron,0.0,0.0,0.0,0.0,0.0,0.0,0.0,0.0,0.0,0.0,0.0,0.0,0.0,0.0,0.5,0.0,0.0,0.5,0.06169461894154199,0.0,0.026650411122319185
BA Stokes,0.0,0.7073170731707317,0.5371900826446281,0.5721925133689839,0.0,0.0,0.0,0.0,0.45454545454545453,0.0,0.0,0.0,0.0,0.0,0.0,0.0,0.0,2.2712451237297984,0.05236213144891412,0.0,0.20025917183059722
,Shubman Gill,SP Narine,KD Karthik,N Rana,EJG Morgan,AD Russell,N Naik,PJ Cummins,Shivam Mavi,Kuldeep Yadav,KL Nagarkoti,RA Tripathi,T Banton,CV Varun,Prasidh Krishna,L Ferguson,R Singh,degree_centrality,closeness_centrality,Betweness_centrality,Eigen_centrality
Shubman Gill,0.0,0.5633802816901409,0.41836734693877553,0.44594594594594594,0.4977168949771689,0.8571428571428571,0.0,0.0,0.0,0.0,0.0,0.41904761904761906,0.6190476190476191,0.0,0.0,0.2727272727272727,0.0,4.093375837517399,0.07353381340495029,0.20833333333333334,0.2773682967739902
SP Narine,0.43661971830985913,0.0,0.18181818181818182,0.6068376068376068,0.0,0.0,0.0,0.0,0.0,0.0,0.0,0.6071428571428571,0.0,0.0,0.0,0.0,0.0,1.8324183641085048,0.06788468175008282,0.0,0.3305815022887204
KD Karthik,0.5816326530612245,0.8181818181818182,0.0,0.5376344086021505,0.4146341463414634,0.045454545454545456,0.0,0.3142857142857143,0.0,0.0,0.0,0.375,0.0,0.0,0.0,0.0,0.0,3.0868232859269162,0.07813296703653577,0.0,0.4205181351865711
N Rana,0.5540540540540541,0.39316239316239315,0.46236559139784944,0.0,0.6082474226804123,0.1,0.0,0.0,0.0,0.0,0.0,0.4583333333333333,0.0,0.0,0.0,0.0,0.6666666666666666,3.242829461294709,0.07122675757714876,0.125,0.2746470987023614
EJG Morgan,0.502283105022831,0.0,0.5853658536585366,0.3917525773195876,0.0,0.37962962962962965,0.0,0.4782608695652174,0.0,0.7647058823529411,0.6896551724137931,0.616822429906542,0.0,0.0,0.0,0.0,0.0,4.408475519869079,0.07437500513500045,0.5,0.3267213826504087
AD Russell,0.14285714285714285,0.0,0.9545454545454546,0.9,0.6203703703703703,0.0,0.0,0.0,0.0,0.0,0.0,0.5142857142857142,0.0,0.0,0.0,0.0,0.0,3.1320586820586818,0.06521858821235182,0.0,0.2766424964762042
N Naik,0.0,0.0,0.0,0.0,1.0,0.0,0.0,0.0,0.0,0.0,0.0,0.0,0.0,0.0,0.0,0.0,0.0,1.0,0.035756278458020416,0.0,0.17727816985641384
PJ Cummins,0.0,1.0,0.6857142857142857,0.0,0.5217391304347826,0.0,1.0,0.0,0.7906976744186046,0.0,0.0,0.25,0.0,0.0,0.0,0.0,0.0,4.2481510905676725,0.0625752697895688,0.1,0.3567467286797021
Shivam Mavi,0.0,0.0,0.0,0.0,0.0,0.0,0.0,0.20930232558139536,0.0,0.0,0.5,0.0,0.0,0.0,0.0,0.0,0.0,0.7093023255813954,0.06255667364507879,0.025,0.045634691019735586
Kuldeep Yadav,0.0,0.0,0.0,0.0,0.23529411764705882,0.0,0.0,1.0,0.0,0.0,0.0,0.0,0.0,0.0,0.0,0.3076923076923077,0.0,1.5429864253393666,0.06511158044025764,0.041666666666666664,0.1279146356980969
KL Nagarkoti,0.0,1.0,0.0,0.0,0.3103448275862069,0.0,0.0,0.0,0.5,0.0,0.0,0.1875,0.0,0.375,0.0,0.0,0.0,2.372844827586207,0.07962378843253298,0.21666666666666667,0.20253738421618125
RA Tripathi,0.580952380952381,0.39285714285714285,0.625,0.5416666666666666,0.38317757009345793,0.4857142857142857,0.0,0.75,0.0,0.0,0.8125,0.0,0.0,0.0,0.0,0.0,0.0,4.571868046283934,0.06725429067237877,0.025,0.3616489316673837
T Banton,0.38095238095238093,0.0,1.0,0.0,0.0,0.0,0.0,0.0,0.0,0.0,0.0,0.0,0.0,0.0,0.0,0.0,0.0,1.380952380952381,0.052423605131523304,0.0,0.13648068635484797
CV Varun,0.0,0.0,0.0,0.0,0.0,0.0,0.0,0.0,0.0,0.0,0.625,0.0,0.0,0.0,0.5,0.2,0.0,1.325,0.05434066958641962,0.125,0.05154450800451752
Prasidh Krishna,0.0,0.0,0.0,0.0,0.0,0.0,0.0,0.0,0.0,0.0,0.0,0.0,0.0,0.5,0.0,0.0,0.0,0.5,0.03860642656309019,0.0,0.006685051058803295
L Ferguson,0.7272727272727273,0.0,0.0,0.0,0.0,0.0,0.0,0.0,0.0,0.6923076923076923,0.0,0.0,0.0,0.8,0.0,0.0,0.0,2.21958041958042,0.04821126562946117,0.0,0.08598876026529356
R Singh,0.0,0.0,0.0,0.3333333333333333,0.0,0.0,0.0,0.0,0.0,0.0,0.0,0.0,0.0,0.0,0.0,0.0,0.0,0.3333333333333333,0.05345782803843953,0.0,0.023745843624657776
